date,plotID,type,paperID,startTime,endTime,weightLost_g/mm2,timeDiff_s,evpRate_g/mm2/s,avgEvpRate_g/mm2/s,aspect,coffeeDensity_m,nRoya,wind_time,wind_m/s,shade_NESW,overstoryDensity_%,shadeAvg_%,treeID,treeSp,treeDistance_m,treeGBH_cm,avgTreeDist,notes,lat,lon
5/31/2016,20,new,EVP-002,10:51:00,11:29:00,4.15585E-05,2280,1.82274E-08,1.76082E-08,129,8,slide 9,11:26 AM,0,5 w,94.8,87.52,20,,2,63.5,2.983333333,,N 15.16929,W 092.34335
5/31/2016,20,new,EVP-003,10:52:00,11:31:00,4.40032E-05,2340,1.88048E-08,,,,,,,5 w,94.8,,new,,2.6,16.5,,,,
5/31/2016,20,new,EVP-004,10:53:00,11:32:00,4.70589E-05,2340,2.01107E-08,,,,,,,27 w,71.92,,7496?,,4.35,66.5,,,,
5/31/2016,20,new,EVP-005,10:55:00,11:33:00,4.09474E-05,2280,1.79594E-08,,,,,,,11 w,88.56,,,,,,,,,
5/31/2016,20,new,EVP-006,10:56:00,11:33:00,2.87243E-05,2220,1.29389E-08,,,,,,,,,,,,,,,,,
5/31/2016,16,new,EVP-007,12:00:00,12:21:00,2.07793E-05,1260,1.64915E-08,1.41277E-08,145,2,slide 10,12:15 PM,0,13 w,86.48,90.38,1634,,1.5,62.5,4.2,,N 15.16975,W 092.34211
5/31/2016,16,new,EVP-008,12:06:00,12:25:00,1.36491E-05,1140,1.19729E-08,,,,,,,4 w,95.84,,1635,,6,136.5,,,,
5/31/2016,16,new,EVP-009,12:05:00,12:24:00,1.50752E-05,1140,1.32238E-08,,,,,,,5 w,94.8,,1616,,5.1,100.5,,,,
5/31/2016,16,new,EVP-010,12:04:00,12:23:00,1.34454E-05,1140,1.17942E-08,,,,,,,15 w,84.4,,,,,,,,,
5/31/2016,16,new,EVP-011,12:03:00,12:20:00,1.74994E-05,1020,1.71563E-08,,,,,,,,,,,,,,,,,
6/1/2016,41,new,EVP-014,8:01:00,8:31:00,3.05157E-05,1800,1.69531E-08,2.30629E-08,142,6,slide 11,8:13 AM,0.7,44 w,54.24,42.8,7884,,1.7,73,7.1,cut,N 15.16878,W 092.34327
6/1/2016,41,new,EVP-015,8:03:00,8:30:00,4.70362E-05,1620,2.90347E-08,,,,,,,24 w,75.04,,new,CoXa,11.2,32.5,,,,
6/1/2016,41,new,EVP-016,8:04:00,8:28:00,3.34094E-05,1440,2.3201E-08,,,,,,,20 b,23.04,,7957,,8.4,"114.5,121",,,,
6/1/2016,41,new,,,,,,,,,,,,,16 b,18.88,,,,,,,,,
6/1/2016,48,new,EVP-017,8:40:00,9:02:19,4.3932E-05,1339,3.28096E-08,3.28809E-08,214,3,slide 12,8:53 AM,0.8,42 b,45.92,60.48,new,CoXa,3.2,"32,25,18",4.033333333,,N 15.16341,W 092.34322
6/1/2016,48,new,EVP-018,8:41:50,9:01:52,4.51684E-05,1202,3.75777E-08,,,,,,,28 b,31.36,,cannot find,canaco,2.7,"70,41,26,26,61.5,16","focal tree, #200?",,,
6/1/2016,48,new,EVP-019,8:43:05,9:01:05,3.05157E-05,1080,2.82552E-08,,,,,,,21 w,78.16,,n661,,6.2,62.5,,,,
6/1/2016,48,new,,,,,,,,,,,,,13 w,86.48,,,,,,,,,
6/1/2016,75,new,EVP-023,10:25:00,10:47:59,3.26202E-05,1379,2.3655E-08,2.53604E-08,216,2,slide 14,10:42 AM,0,15 w,84.4,57.88,NA,,1.3,103.5,5.366666667,,N 15.16766,W 092.34348
6/1/2016,75,new,EVP-024,10:27:59,10:45:02,2.73589E-05,1023,2.67438E-08,,,,,,,20 w,79.2,,1039,,7.8,127.5,,,,
6/1/2016,75,new,EVP-025,10:27:54,10:46:10,2.81481E-05,1096,2.56825E-08,,,,,,,42 b,45.92,,new,big bush,7,NA,,,,
6/1/2016,75,new,,,,,,,,,,,,,19 b,22,,,,,,,,,
6/1/2016,70,new,EVP-026,10:58:15,11:18:40,2.70958E-05,1225,2.2119E-08,2.26544E-08,148,3,slide 15,11:13 AM,0.3,15 w,84.4,66.98,new,CoXa,6.5,91.5,5.333333333,,N 15.16813,W 092.34356
6/1/2016,70,new,EVP-027,11:00:06,11:18:31,2.57805E-05,1105,2.33307E-08,,,,,,,57 b,61.52,,550,,4.1,56,,,,
6/1/2016,70,new,EVP-028,11:01:01,11:18:56,2.42021E-05,1075,2.25136E-08,,,,,,,33 b,36.56,,491,,5.4,114.5,,,,
6/1/2016,70,new,,,,,,,,,,,,,14 w,85.44,,,,,,,,,
6/1/2016,46,new,EVP-029,11:44:45,12:04:29,2.60435E-05,1184,2.19962E-08,1.81949E-08,200,1,slide 16,11:59 AM,0,25 w,74,68.28,246,,4.2,77,3.933333333,"this area has coffee planted in neat rows and more sun, less trees",N 15.16849,W 092.34413
6/1/2016,46,new,EVP-030,11:45:55,12:04:23,1.94669E-05,1108,1.75694E-08,,,,,,,13 w,86.48,,315,,2.4,106,,,,
6/1/2016,46,new,EVP-031,11:47:09,12:05:50,1.68362E-05,1121,1.50189E-08,,,,,,,31 w,67.76,,316,,5.2,"137,23,23,22",,,,
6/1/2016,46,new,,,,,,,,,,,,,41 b,44.88,,,,,,,,,
6/1/2016,47,new,EVP-032,12:27:42,12:46:21,4.28798E-05,1119,3.83197E-08,3.44875E-08,192,0,slide 17,12:41 PM,0.5,15 w,84.4,62.82,307,,3.7,44,6.166666667,check coordinates (book2 p48),N 15.16851,W 092.34365
6/1/2016,47,new,EVP-033,12:29:09,12:45:53,3.10418E-05,1004,3.09181E-08,,,,,,,51 b,55.28,,236,,6.7,93,,,,
6/1/2016,47,new,EVP-034,12:30:34,12:45:41,3.10418E-05,907,3.42247E-08,,,,,,,19 w,80.24,,238,,8.1,84,,,,
6/1/2016,47,new,,,,,,,,,,,,,28 b,31.36,,,,,,,,,
6/1/2016,42,new,EVP-035,12:58:23,13:18:56,5.20871E-05,1233,4.22442E-08,3.85941E-08,147,6,slide 18,1:13 PM,0.5,10 w,89.6,64.9,7976,,1.1,191,2.533333333,,N 15.16882,W 092.34380
6/1/2016,42,new,EVP-036,12:59:50,13:19:18,4.73519E-05,1168,4.0541E-08,,,,,,,17 b,19.92,,nn546,,3,49.5,,,,
6/1/2016,42,new,EVP-037,13:01:08,13:20:24,3.81446E-05,1156,3.2997E-08,,,,,,,30 w,68.8,,new,gigante (Yuca),3.5,30.5,,,,
6/1/2016,42,new,,,,,,,,,,,,,18 w,81.28,,,,,,,,,
6/1/2016,43,new,EVP-038,13:28:29,13:47:12,4.73519E-05,1123,4.21655E-08,4.09633E-08,231,3,slide 19,1:42 PM,0.6,14 w,85.44,89.08,7,,2.2,89.5,4.766666667,,N 15.16884,W 092.34419
6/1/2016,43,new,EVP-039,13:29:09,13:47:57,4.61944E-05,1128,4.09525E-08,,,,,,,14 w,85.44,,12,,6.8,"27,29.5,25,27",,,,
6/1/2016,43,new,EVP-040,13:30:08,13:47:00,4.02491E-05,1012,3.97718E-08,,,,,,,9 w,90.64,,7991,,5.3,144.5,,,,
6/1/2016,43,new,,,,,,,,,,,,,5 w,94.8,,,,,,,,,
6/2/2016,101,new,EVP-041,7:40:30,8:07:51,2.52543E-05,1641,1.53896E-08,8.42981E-09,84,2,slide 20,8:02 AM,0,40 w,58.4,56.32,new,sikinai,2.3,"18,5.5,8.5",6.3,,N 15.16677,W 092.34423
6/2/2016,101,new,EVP-042,7:43:30,8:07:50,1.52578E-05,1460,1.04506E-08,,,,,,,19 b,22,,1730,,7.1,50,,,,
6/2/2016,101,new,EVP-043,7:44:47,8:08:40,-7.89198E-07,1433,-5.50731E-10,,,,,,,18 w,81.28,,2225?,,9.5,"41.5,66.5",,,,
6/2/2016,101,new,,,,,,,,,,,,,35 w,63.6,,,,,,,,,
6/2/2016,115,new,EVP-044,8:31:02,8:54:50,5.20871E-05,1428,3.64755E-08,3.15254E-08,262,3,slide 21,8:47 AM,0,19 w,80.24,62.3,2256,,2.1,200,6.033333333,,N 15.16641,W 092.34396
6/2/2016,115,new,EVP-045,8:32:00,8:54:59,5.28763E-05,1379,3.83439E-08,,,,,,,30 w,68.8,,can't find,CoXa,5.2,"74.5,20.5,15.5",,,,
6/2/2016,115,new,EVP-046,8:32:44,8:53:09,2.42021E-05,1225,1.97568E-08,,,,,,,43 b,46.96,,2191,,10.8,"33,93,19",,,,
6/2/2016,115,new,,,,,,,,,,,,,49 b,53.2,,,,,,,,,
6/2/2016,117,new,EVP-047,9:12:21,9:34:20,2.31498E-05,1319,1.7551E-08,2.74483E-08,56,2,slide 22,9:26 AM,0.3,37 w,61.52,44.62,1925,,4.1,"33.5,90.5,49,187.5",5.266666667,,N 15.16640,W 092.34334
6/2/2016,117,new,EVP-048,9:13:34,9:33:41,4.47212E-05,1207,3.70516E-08,,,,,,,15 b,17.84,,2093?,,6.4,55.5,,,,
6/2/2016,117,new,EVP-049,9:14:47,9:32:48,2.99895E-05,1081,2.77424E-08,,,,,,,46 b,50.08,,1926,,5.3,120.5,,,,
6/2/2016,117,new,,,,,,,,,,,,,45 b,49.04,,,,,,,,,
6/2/2016,116,new,EVP-050,9:42:23,10:04:06,5.94529E-05,1303,4.56277E-08,3.86912E-08,140,6,slide 23,9:57 AM,0,11 w,88.56,85.96,2098,,2.8,125.5,6.566666667,,N 15.16637,W 092.34366
6/2/2016,116,new,EVP-051,9:43:27,10:04:06,5.05087E-05,1239,4.07657E-08,,,,,,,16 w,83.36,,1934,,9.7,156,,,,
6/2/2016,116,new,EVP-052,9:44:16,10:04:48,3.65662E-05,1232,2.96803E-08,,,,,,,9 w,90.64,,2201,,7.2,142,,,,
6/2/2016,116,new,,,,,,,,,,,,,18 w,81.28,,,,,,,,,
6/2/2016,104,new,EVP-053,10:13:21,10:32:10,3.10418E-05,1129,2.74949E-08,2.91318E-08,80,3,slide 24,10:28 AM,0,50 b,54.24,66.98,1677,,2.9,122.5,3.716666667,,N 15.16680,W 092.34299
6/2/2016,104,new,EVP-054,10:14:37,10:31:55,2.99895E-05,1038,2.88916E-08,,,,,,,21 w,78.16,,new,chalum,2.6,23,,,,
6/2/2016,104,new,EVP-055,10:15:30,10:32:45,3.20941E-05,1035,3.10087E-08,,,,,,,14 w,85.44,,new,"""cuarumb""",5.65,30.5,,,,
6/2/2016,104,new,,,,,,,,,,,,,48 w,50.08,,,,,,,,,
6/2/2016,118,new,EVP-056,10:48:36,11:08:53,3.81446E-05,1217,3.13431E-08,2.93741E-08,272,7,slide 25,11:01 AM,0.4,26 b,29.28,43.58,2078,,1.1,39,4.6,,N 15.16631,W 092.34277
6/2/2016,118,new,EVP-057,10:49:40,11:09:42,3.47247E-05,1202,2.88891E-08,,,,,,,18 b,20.96,,new,"""palo verde""",3.7,"28.5,34",,,,
6/2/2016,118,new,EVP-058,10:50:30,11:09:03,3.10418E-05,1113,2.78902E-08,,,,,,,64 b,68.8,,can't find placa,"""cuallavo""",9,114,,,,
6/2/2016,118,new,,,,,,,,,,,,,51 b,55.28,,,,,,,,,
6/2/2016,97,new,EVP-059,11:47:14,12:07:59,2.42021E-05,1245,1.94394E-08,1.55199E-08,106,3,slide 26,12:01 PM,0,75 b,80.24,69.06,can't find placa,"""guarumbo""",5.6,185,4.383333333,,N 15.16718,W 092.34303
6/2/2016,97,new,EVP-060,11:48:54,12:07:11,2.3939E-05,1097,2.18222E-08,,,,,,,17 w,82.32,,n2___,chalum,1.25,45.5,,,,
6/2/2016,97,new,EVP-061,11:49:46,12:08:48,6.05052E-06,1142,5.29818E-09,,,,,,,28 w,70.88,,n22__,chalum,6.3,93.5,,,,
6/2/2016,97,new,,,,,,,,,,,,,39 b,42.8,,,,,,,,,
6/2/2016,98,new,EVP-062,12:37:15,12:55:30,2.70958E-05,1095,2.4745E-08,2.67037E-08,50,2,slide 27,12:52 PM,0.5,20 w,79.2,68.54,new,sikinai,2.7,"14,15,13.5",4,,N 15.16714,W 092.34341
6/2/2016,98,new,EVP-063,12:38:53,12:55:30,2.7885E-05,997,2.79689E-08,,,,,,,39 w,59.44,,new,sin conegrito,4.2,"17.5,21.5",,,,
6/2/2016,98,new,EVP-064,12:39:36,12:56:05,2.70958E-05,989,2.73972E-08,,,,,,,44 w,54.24,,new,sikinai,5.1,34,,,,
6/2/2016,98,new,,,,,,,,,,,,,18 w,81.28,,,,,,,,,
6/2/2016,103,new,EVP-065,13:05:04,13:22:02,3.44616E-05,1018,3.38523E-08,3.23698E-08,160,2,slide 28,1:18 PM,0.5,24 b,27.2,45.14,1713,chalum,2.3,90,4.233333333,check coordinates (book2 p48),N 15.16671,W 092.34391
6/2/2016,103,new,EVP-066,13:06:24,13:21:22,3.07615E-05,898,3.42555E-08,,,,,,,23 w,76.08,,new,chalum,5.3,"18.5,13.5",,,,
6/2/2016,103,new,EVP-067,13:07:05,13:21:29,2.50574E-05,864,2.90016E-08,,,,,,,43 b,46.96,,1851,Alcornea,5.1,122,,,,
6/2/2016,103,new,,,,,,,,,,,,,27 b,30.32,,,,,,,,,
6/3/2016,99,new,EVP-068,7:43:28,8:08:07,7.33386E-06,1479,4.95866E-09,5.62202E-09,168,5,slide 29,7:58 AM,0,21 w,78.16,80.24,1450,,3.65,116,5.25,,N 15.16707,W 092.34376
6/3/2016,99,new,EVP-069,7:45:22,8:08:20,6.51899E-06,1378,4.73076E-09,,,,,,,12 w,87.52,,1451,,5.6,82.5,,,,
6/3/2016,99,new,EVP-070,7:46:16,8:07:05,8.96361E-06,1249,7.17663E-09,,,,,,,25 w,74,,can't find placa,chalum,6.5,124,,,,
6/3/2016,99,new,,,,,,,,,,,,,18 w,81.28,,,,,,,,,
6/3/2016,102,new,EVP-071,8:15:56,8:32:52,1.01859E-05,1016,1.00255E-08,8.75195E-09,142,2,slide 30,8:30 AM,0,26 b,29.28,55.8,bush,caramomo,3.7,NA,3.633333333,caramomo bush,N 15.16686,W 092.34387
6/3/2016,102,new,EVP-072,8:17:08,8:30:58,1.07971E-05,830,1.30085E-08,,,,,,,32 w,66.72,,1721,,3.6,170,,,,
6/3/2016,102,new,EVP-073,8:18:16,8:31:58,2.64834E-06,822,3.22182E-09,,,,,,,11 w,88.56,,new,veronica de peanna,3.6,15.5,,,,
6/3/2016,102,new,,,,,,,,,,,,,35 b,38.64,,,,,,,,,
6/3/2016,100,new,EVP-074,8:43:11,8:57:30,1.14082E-05,859,1.32808E-08,2.09108E-08,170,3,slide 31,8:54 AM,0,12 w,87.52,79.98,1474,,3.5,230,3.1,main shade caster,N 15.16707,W 092.34430
6/3/2016,100,new,EVP-075,8:43:40,8:56:41,1.81309E-05,781,2.3215E-08,,,,,,,9 w,90.64,,can't find placa,chalum,3.7,170,,this tree is dead and casts no shade,,
6/3/2016,100,new,EVP-076,8:44:32,8:55:32,1.73161E-05,660,2.62365E-08,,,,,,,27 w,71.92,,new,rabolt gato,2.1,11,,,,
6/3/2016,100,new,,,,,,,,,,,,,29 w,69.84,,,,,,,,,
6/3/2016,73,new,EVP-077,9:13:15,9:30:33,3.56507E-05,1038,3.43456E-08,2.69262E-08,160,0,slide 32,9:26 AM,0.3,18 b,20.96,34.22,1232,,4.85,131.5,6.3,,N 15.16754,W 092.34443
6/3/2016,73,new,EVP-078,9:15:09,9:30:33,2.32239E-05,924,2.51341E-08,,,,,,,39 b,42.8,,new,pacaya,5.45,25,,,,
6/3/2016,73,new,EVP-079,9:16:09,9:29:42,1.73161E-05,813,2.1299E-08,,,,,,,44 w,54.24,,can't find placa,canaco,8.6,"24.5,9.5,14,30",,dead and has new growth,,
6/3/2016,73,new,,,,,,,,,,,,,16 b,18.88,,,,,,,,,
6/3/2016,74,new,EVP-080,9:48:48,10:04:16,5.31705E-05,928,5.72958E-08,5.01562E-08,82,2,slide 51,9:41 AM,0.7,27 b,30.32,25.64,new,sikinai,4.3,"8.5,13,10,6.5,12,6",5.133333333,,N 15.167580,W 092.943980
6/3/2016,74,new,EVP-081,9:49:43,10:03:01,3.5447E-05,798,4.44198E-08,,,,,,,8 b,10.56,,new,cuarumbo,5.7,49.5,,,,
6/3/2016,74,new,EVP-083,9:50:34,10:02:16,3.42247E-05,702,4.87531E-08,,,,,,,7 b,9.52,,new,sikinai,5.4,"20,7,23",,,,
6/3/2016,74,new,,,,,,,,,,,,,46 w,52.16,,,,,,,,,
6/3/2016,71,new,EVP-084,10:10:42,10:29:46,2.46499E-05,1144,2.15471E-08,2.41032E-08,128,5,slide 52,10:22 AM,0,21 w,78.16,79.72,653,,1.8,240,6.466666667,"pretty flat, open area",N 15.16803,W 092.34399
6/3/2016,71,new,EVP-085,10:12:31,10:29:08,2.62797E-05,997,2.63587E-08,,,,,,,7 w,92.72,,720,,7.5,180,,,,
6/3/2016,71,new,EVP-086,10:13:45,10:29:45,2.34276E-05,960,2.44038E-08,,,,,,,16 w,83.36,,719,,10.1,240,,,,
6/3/2016,71,new,,,,,,,,,,,,,34 w,64.64,,,,,,,,,
6/3/2016,72,new,EVP-087,10:41:42,11:04:12,4.23734E-05,1350,3.13877E-08,3.19849E-08,152,4,slide 53,10:55 AM,0,14 b,16.8,46.96,752,,2.2,190,4.2,,N 15.16801,W 092.34447
6/3/2016,72,new,EVP-088,10:42:41,11:04:29,4.25771E-05,1308,3.25513E-08,,,,,,,14 b,16.8,,695,,7.6,160,,,,
6/3/2016,72,new,EVP-089,10:45:35,11:03:24,3.42247E-05,1069,3.20156E-08,,,,,,,14 w,85.44,,can't find placa,"gualla, dead",2.8,67,,,,
6/3/2016,72,new,,,,,,,,,,,,,30 w,68.8,,,,,,,,,
6/3/2016,45,new,EVP-090,11:20:15,11:38:56,3.0354E-05,1121,2.70776E-08,2.67824E-08,144,8,slide 54,11:35 AM,0,17 w,82.32,84.4,n2218,chalum,3.4,54,3.366666667,,N 15.16843,W 092.34464
6/3/2016,45,new,EVP-091,11:21:03,11:39:17,2.87243E-05,1094,2.62562E-08,,,,,,,21 w,78.16,,325,,2.6,165,,,,
6/3/2016,45,new,EVP-092,11:21:49,11:38:32,2.70945E-05,1003,2.70135E-08,,,,,,,13 w,86.48,,264,,4.1,87.5,,,,
6/3/2016,45,new,,,,,,,,,,,,,9 w,90.64,,,,,,,,,
6/3/2016,44,new,EVP-093,12:40:09,12:57:22,1.36491E-05,1033,1.32131E-08,1.46442E-08,0,7,slide 55,12:58 PM,0,10 w,89.6,90.64,30,,10.5,78,6.533333333,tall cafés contributes to shade,N 15.16880,W 092.34450
6/3/2016,44,new,EVP-094,12:41:28,12:58:16,1.60937E-05,1008,1.5966E-08,,,,,,,9 w,90.64,,7999,,2.6,200,,,,
6/3/2016,44,new,EVP-095,12:42:26,12:59:14,1.48714E-05,1008,1.47534E-08,,,,,,,10 w,89.6,,8000,,6.5,120,,,,
6/3/2016,44,new,,,,,,,,,,,,,7 w,92.72,,,,,,,,,
6/3/2016,17,new,EVP-096,13:17:54,13:33:36,1.54826E-05,942,1.64359E-08,1.79879E-08,276,5,slide 56,1:26 PM,0.3,26 b,29.28,52.16,7729,,2,136.5,10.86666667,,N 15.16923,W 092.34483
6/3/2016,17,new,EVP-097,13:18:48,13:32:56,1.52789E-05,848,1.80175E-08,,,,,,,38 w,60.48,,7687,,9.3,118,,,,
6/3/2016,17,new,EVP-098,13:19:36,13:33:00,1.56863E-05,804,1.95103E-08,,,,,,,53 w,44.88,,7685,,21.3,"85,50.5,19",,,,
6/3/2016,17,new,,,,,,,,,,,,,25 w,74,,,,,,,,,
6/3/2016,18,new,EVP-099,13:53:57,14:08:29,8.55617E-06,872,9.81212E-09,1.24843E-08,309,10,slide 57,2:02 PM,0,19 w,80.24,69.84,7676,,6.75,86,3.716666667,tall cafés contributes to shade,N 15.16928,W 092.34441
6/3/2016,18,new,EVP-100,13:54:56,14:09:25,1.14082E-05,869,1.3128E-08,,,,,,,35 w,63.6,,new,guava,3.2,"12,14.5,17",,,,
6/3/2016,18,new,EVP-101,13:55:51,14:08:29,1.10008E-05,758,1.45129E-08,,,,,,,12 w,87.52,,7722,,1.2,"8,8,8,6.5,9,9,9,7.5,7.5,7.5,8",,,,
6/3/2016,18,new,,,,,,,,,,,,,50 w,48,,,,,,,,,
6/4/2016,39,new,EVP-102,7:39:34,7:57:44,5.70411E-06,1090,5.23313E-09,5.36385E-09,172,8,slide 58,7:54 AM,0,3 w,96.88,90.38,3043,,5.3,81,4.7,,N 15.16895,W 092.34238
6/4/2016,39,new,EVP-103,7:40:33,7:57:44,6.31527E-06,1031,6.12538E-09,,,,,,,8 w,91.68,,3046,,7.3,147.5,,,,
6/4/2016,39,new,EVP-104,7:41:27,7:58:40,4.88924E-06,1033,4.73305E-09,,,,,,,14 w,85.44,,3042,,1.5,115.5,,,,
6/4/2016,39,new,,,,,,,,,,,,,12 w,87.52,,,,,,,,,
6/4/2016,38,new,EVP-105,8:10:13,8:37:09,-1.62975E-06,1616,-1.00851E-09,6.64786E-09,135,4,slide 59,8:27 AM,0,19 w,80.24,77.12,3055,,1.9,165,6.766666667,,N 15.16895,W 092.34203
6/4/2016,38,new,EVP-106,8:11:12,8:36:50,1.07971E-05,1538,7.0202E-09,,,,,,,9 w,90.64,,new,capuli,8.7,"28,26.5,29.5",,,,
6/4/2016,38,new,EVP-107,8:11:51,8:35:44,1.99644E-05,1433,1.39319E-08,,,,,,,32 w,66.72,,3068,,9.7,190,,,,
6/4/2016,38,new,,,,,,,,,,,,,28 w,70.88,,,,,,,,,
6/4/2016,37,new,EVP-109,9:24:12,9:40:32,1.14082E-05,980,1.1641E-08,1.34627E-08,175,6,slide 60,9:37 AM,0,27 w,71.92,51.38,3087,,8.6,325,6.633333333,flat area,N 15.16895,W 092.34147
6/4/2016,37,new,EVP-110,9:24:55,9:39:55,1.36491E-05,900,1.51657E-08,,,,,,,28 w,70.88,,3118,,6.8,99.5,,,,
6/4/2016,37,new,EVP-111,9:25:57,9:40:32,1.18836E-05,875,1.35812E-08,,,,,,,40 b,43.84,,3120,,4.5,90,,,,
6/4/2016,37,new,,,,,,,,,,,,,16 b,18.88,,,,,,,,,
6/4/2016,52,new,EVP-112,9:50:26,10:08:45,2.26354E-05,1099,2.05963E-08,1.88734E-08,49,8,slide 61,10:05 AM,0,18 w,81.28,81.28,3460,,3.5,123,3.95,,N 15.16864,W 092.34139
6/4/2016,52,new,EVP-113,9:51:15,10:08:38,1.81083E-05,1043,1.73617E-08,,,,,,,15 w,84.4,,34__,chalum,6.85,29,,,,
6/4/2016,52,new,EVP-114,9:52:05,10:07:45,1.75424E-05,940,1.86621E-08,,,,,,,22 w,77.12,,3458,,1.5,90,,,,
6/4/2016,52,new,,,,,,,,,,,,,17 w,82.32,,,,,,,,,
6/4/2016,65,new,EVP-115,10:35:04,10:58:14,2.32013E-05,1390,1.66915E-08,1.57058E-08,136,13,slide 62,10:49 AM,0,15 w,84.4,86.22,4055,,1.8,120,3.3,,N 15.16813,W 092.34129
6/4/2016,65,new,EVP-116,10:36:02,10:56:30,1.92401E-05,1228,1.56678E-08,,,,,,,11 w,88.56,,4054,,3.6,96.5,,,,
6/4/2016,65,new,EVP-117,10:36:50,10:57:17,1.81083E-05,1227,1.47582E-08,,,,,,,14 w,85.44,,4056,,4.5,112,,,,
6/4/2016,65,new,,,,,,,,,,,,,13 w,86.48,,,,,,,,,
6/5/2016,4,new,EVP-118,6:28:32,6:50:20,2.82942E-05,1308,2.16317E-08,2.29373E-08,115,15,slide 65,6:37 AM,0,12 w,87.52,87,1025,,1.9,106.5,3.966666667,,N 15.17037,W 092.34092
6/5/2016,4,new,EVP-119,6:29:19,6:50:50,3.19838E-05,1291,2.47744E-08,,,,,,,8 w,91.68,,n2318,,3.3,33.5,,,,
6/5/2016,4,new,EVP-120,6:30:05,6:51:27,2.87243E-05,1282,2.24058E-08,,,,,,,16 w,83.36,,82?,,6.7,114,,,,
6/5/2016,4,new,,,,,,,,,,,,,14 w,85.44,,,,,,,,,
6/5/2016,5,new,EVP-121,7:06:53,7:32:35,3.27987E-05,1542,2.12702E-08,2.28701E-08,59,10,slide 66,7:15 AM,0,45 b,49.04,68.8,1085,,2.6,505,5.433333333,,N 15.17047,W 092.34050
6/5/2016,5,new,EVP-122,7:08:08,7:33:20,3.48358E-05,1512,2.30396E-08,,,,,,,18 w,81.28,,1020,,4.6,"70.5,18",,,,
6/5/2016,5,new,EVP-123,7:08:54,7:34:03,3.66693E-05,1509,2.43004E-08,,,,,,,23 w,76.08,,1013,,9.1,2.8,,,,
6/5/2016,5,new,,,,,,,,,,,,,30 w,68.8,,,,,,,,,
6/6/2016,4,repeat,EVP-127,7:24:24,7:34:43,1.01859E-05,619,1.64554E-08,1.75064E-08,,,slide 70,7:34 AM,0,12 w,87.52,85.7,,,,,,,,
6/6/2016,4,repeat,EVP-128,7:25:20,7:35:38,1.01859E-05,618,1.64821E-08,,,,,,,15 w,84.4,,,,,,,,,
6/6/2016,4,repeat,EVP-129,7:26:33,7:36:26,1.16119E-05,593,1.95817E-08,,,,,,,5 w,94.8,,,,,,,,,
6/6/2016,4,repeat,,,,,,,,,,,,,23 w,76.08,,,,,,,,,
6/6/2016,5,repeat,EVP-130,7:42:41,7:51:15,1.76254E-05,514,3.42907E-08,3.54785E-08,,,slide 71,7:51 AM,0,41 b,44.88,70.88,,,,,,,,
6/6/2016,5,repeat,EVP-132,7:43:50,7:51:59,1.94669E-05,489,3.98096E-08,,,,,,,23 w,76.08,,,,,,,,,
6/6/2016,5,repeat,EVP-133,7:44:39,7:52:39,1.55209E-05,480,3.23352E-08,,,,,,,21 w,78.16,,,,,,,,,
6/6/2016,5,repeat,,,,,,,,,,,,,15 w,84.4,,,,,,,,,
6/6/2016,13,new,EVP-134,8:00:54,8:17:16,1.5784E-05,982,1.60733E-08,1.67536E-08,144,18,slide 72,8:02 AM,0,29 b,32.4,43.84,1442,,7.2,"12,18",5.666666667,,N 15.17003,W 092.34079
6/6/2016,13,new,EVP-135,8:02:02,8:18:36,1.55209E-05,994,1.56146E-08,,,,,,,40 w,58.4,,can't find placa,isote,2.4,"68.5,148",,"dead, regrowth",,
6/6/2016,13,new,EVP-136,8:02:52,8:17:16,1.6047E-05,864,1.85729E-08,,,,,,,37 b,40.72,,1716,,7.4,100.5,,,,
6/6/2016,13,new,,,,,,,,,,,,,40 b,43.84,,,,,,,,,
6/6/2016,14,new,EVP-137,8:26:14,8:41:01,2.3939E-05,887,2.69887E-08,2.65451E-08,206,13,slide 73,8:38 AM,0,12 w,87.52,89.6,can't find placa,chalum,7.45,71,4.1,,N 15.16997,W 092.34121
6/6/2016,14,new,EVP-138,8:26:55,8:40:14,1.94669E-05,799,2.43641E-08,,,,,,,3 w,96.88,,1458,,4.3,72,,,,
6/6/2016,14,new,EVP-139,8:27:55,8:39:14,1.92038E-05,679,2.82825E-08,,,,,,,8 w,91.68,,1678,,0.55,49.5,,,,
6/6/2016,14,new,,,,,,,,,,,,,17 w,82.32,,,,,,,,,
6/6/2016,25,new,EVP-140,8:48:42,9:01:56,2.63066E-05,794,3.31317E-08,3.13196E-08,158,11,slide 74,9:00 AM,0.5,6 w,93.76,83.88,2511,,6.7,56.5,5.566666667,,N 15.16947,W 092.34115
6/6/2016,25,new,EVP-141,8:50:01,9:01:08,2.23606E-05,667,3.35242E-08,,,,,,,17 w,82.32,,2510,,1.4,3.2,,,,
6/6/2016,25,new,EVP-142,8:50:47,9:02:40,1.94669E-05,713,2.73028E-08,,,,,,,6 w,93.76,,2509,,8.6,67,,,,
6/6/2016,25,new,,,,,,,,,,,,,61 b,65.68,,,,,,,,,
6/6/2016,26,new,EVP-143,9:11:17,9:27:06,1.94669E-05,949,2.05131E-08,3.23451E-08,186,5,slide 75,9:25 AM,0,7 w,92.72,92.98,new,sikinai,1.8,"28,20.5",2.666666667,,N 15.16961,W 092.34076
6/6/2016,26,new,EVP-144,9:12:19,9:26:16,1.94669E-05,837,2.32579E-08,,,,,,,7 w,92.72,,n236,,1.3,85,,,,
6/6/2016,26,new,EVP-145,9:13:08,9:27:57,4.73519E-05,889,5.32642E-08,,,,,,,6 w,93.76,,can't find placa,canela,4.9,115,,,,
6/6/2016,26,new,,,,,,,,,,,,,7 w,92.72,,,,,,,,,
6/6/2016,37,repeat,EVP-146,9:36:29,9:48:20,3.10418E-05,711,4.36593E-08,3.46047E-08,,,slide 76/7 min,9:49 AM,0.9,26 w,72.96,54.76,,,,,,,,
6/6/2016,37,repeat,EVP-147,9:37:29,9:49:05,1.84146E-05,696,2.64578E-08,,,,,,,19 w,80.24,,,,,,,,,
6/6/2016,37,repeat,EVP-148,9:38:15,9:49:42,2.31498E-05,687,3.3697E-08,,,,,,,38 w,60.48,,,,,,,,,
6/6/2016,37,repeat,,,,,,,,,,,,,3 b,5.36,,,,,,,,,
6/6/2016,52,repeat,EVP-149,9:55:30,10:05:11,2.10453E-05,581,3.62225E-08,3.07194E-08,,,slide 77,10:05 AM,0,12 w,87.52,85.09333333,,,,,,,,
6/6/2016,52,repeat,EVP-150,9:56:10,10:05:51,1.6047E-05,581,2.76197E-08,,,,,,,,,,,,,,,,,
6/6/2016,52,repeat,EVP-151,9:56:58,10:06:34,1.63101E-05,576,2.83161E-08,,,,,,,17 w,82.32,,,,,,,,,
6/6/2016,52,repeat,,,,,,,,,,,,,14 w,85.44,,,,,,,,,
6/6/2016,65,repeat,EVP-152,10:13:13,10:22:20,1.2101E-05,547,2.21226E-08,2.06001E-08,,,slide 78,10:22 AM,0.3,12 w,87.52,90.12,,,,,,,,
6/6/2016,65,repeat,EVP-153,10:13:57,10:23:03,1.6047E-05,546,2.93902E-08,,,,,,,4 w,95.84,,,,,,,,,
6/6/2016,65,repeat,EVP-154,10:14:48,10:23:45,5.52439E-06,537,1.02875E-08,,,,,,,10 w,89.6,,,,,,,,,
6/6/2016,65,repeat,,,,,,,,,,,,,12 w,87.52,,,,,,,,,
6/6/2016,64,new,EVP-155,10:41:21,11:03:12,4.10383E-05,1311,3.13031E-08,2.72514E-08,140,2,slide 79,11:02 AM,0,11 w,88.56,76.34,4062,,2.55,86.5,2.716666667,,N 15.16816,W 092.34095
6/6/2016,64,new,EVP-156,10:42:19,11:03:54,2.86742E-05,1295,2.21422E-08,,,,,,,17 w,82.32,,4188,,3.4,64,,,,
6/6/2016,64,new,EVP-157,10:43:23,11:02:26,3.23571E-05,1143,2.83089E-08,,,,,,,40 w,58.4,,new,sikinai,2.2,"22,31,17.5,26",,,,
6/6/2016,64,new,,,,,,,,,,,,,23 w,76.08,,,,,,,,,
6/6/2016,53,new,EVP-158,11:15:39,11:30:34,2.94634E-05,895,3.292E-08,2.69884E-08,106,5,slide 80,11:27 AM,0.3,28 w,70.88,66.2,3483,,3.2,111.5,4.466666667,,N 15.16868,W 092.34097
6/6/2016,53,new,EVP-159,11:16:22,11:30:41,2.86742E-05,859,3.33809E-08,,,,,,,42 b,45.92,,3481,,2.9,"13.5,23",,,,
6/6/2016,53,new,EVP-160,11:17:18,11:51:41,3.02526E-05,2063,1.46644E-08,,,,,,,53 b,57.36,,3473,,7.3,"34,18.5,8",,,,
6/6/2016,53,new,,,,,,,,,,,,,9 w,90.64,,,,,,,,,
6/6/2016,54,new,EVP-161,11:44:06,12:01:57,2.76219E-05,1071,2.57908E-08,2.97302E-08,224,6,slide 81,11:53 AM,0.3,20 b,23.04,49.04,3550,,2.5,"120,50",5.433333333,,N 15.16873,W 092.34056
6/6/2016,54,new,EVP-162,11:45:10,12:01:26,2.68327E-05,976,2.74926E-08,,,,,,,46 b,50.08,,354[6?],,5.8,"135,7",,,,
6/6/2016,54,new,EVP-163,11:45:59,12:03:12,3.70923E-05,1033,3.59074E-08,,,,,,,48 b,52.16,,3551,,8,"49, 134",,,,
6/6/2016,54,new,,,,,,,,,,,,,28 w,70.88,,,,,,,,,
6/6/2016,55,new,EVP-164,12:16:26,12:30:50,9.99651E-06,864,1.157E-08,1.52867E-08,239,7,slide 82,12:26 PM,0.3,11 w,88.56,75.04,3518,,4.3,185,4.466666667,,N 15.16885,W 092.34010
6/6/2016,55,new,EVP-165,12:17:39,12:31:51,1.65732E-05,852,1.94521E-08,,,,,,,11 w,88.56,,new,gigante (herbaceous),3.1,19.5,,,,
6/6/2016,55,new,EVP-166,12:18:24,12:32:35,1.26272E-05,851,1.4838E-08,,,,,,,26 w,72.96,,3520,,6,100,,,,
6/6/2016,55,new,,,,,,,,,,,,,48 w,50.08,,,,,,,,,
6/6/2016,56,new,EVP-167,12:42:30,12:55:29,1.34164E-05,779,1.72226E-08,1.58043E-08,116,17,slide 83,12:50 PM,0,13 w,86.48,89.08,3222,,5.7,"34.5,12,21.5,51.5,16",5.366666667,tall cafés contributes to shade,N 15.16897,W 092.33973
6/6/2016,56,new,EVP-168,12:41:53,12:56:39,1.47317E-05,886,1.66272E-08,,,,,,,9 w,90.64,,3399,,9.4,77,,,,
6/6/2016,56,new,EVP-169,12:41:02,12:56:33,1.26272E-05,931,1.3563E-08,,,,,,,14 w,85.44,,3403,,1,107,,,,
6/6/2016,56,new,,,,,,,,,,,,,6 w,93.76,,,,,,,,,
6/8/2016,16,repeat,EVP-185,7:48:01,8:00:46,1.91495E-05,765,2.50321E-08,2.88578E-08,,,slide 84,7:57 AM,0,18 w,81.28,90.38,,,,,,,,
6/8/2016,16,repeat,EVP-186,7:49:15,8:01:55,2.52611E-05,760,3.32383E-08,,,,,,,8 w,91.68,,,,,,,,,
6/8/2016,16,repeat,EVP-187,7:50:14,8:02:21,2.01681E-05,727,2.77416E-08,,,,,,,5 w,94.8,,,,,,,,,
6/8/2016,16,repeat,EVP-188,7:51:08,8:02:15,1.85384E-05,667,2.77937E-08,,,,,,,6 w,93.76,,,,,,,,,
6/8/2016,16,repeat,EVP-189,7:51:59,8:01:07,1.67049E-05,548,3.04834E-08,,,,,,,,,,,,,,,,,
6/8/2016,23,new,EVP-190,8:08:56,8:23:01,2.58722E-05,845,3.0618E-08,2.87768E-08,103,4,slide 85,8:23 AM,0,5 w,94.8,87.52,2177,,2.5,58,3.8,,N 15.16936,W 092.34206
6/8/2016,23,new,EVP-191,8:09:44,8:23:47,2.46499E-05,843,2.92407E-08,,,,,,,34 w,64.64,,2176,,3.3,130,,main trunk dead; 1 resprout is taller than GBH,,
6/8/2016,23,new,EVP-192,8:11:01,8:24:30,2.11867E-05,809,2.61888E-08,,,,,,,4 w,95.84,,2178,,5.6,81.5,,,,
6/8/2016,23,new,EVP-193,8:11:32,8:25:15,2.40388E-05,823,2.92087E-08,,,,,,,5 w,94.8,,,,,,,,,
6/8/2016,23,new,EVP-194,8:12:36,8:25:53,2.28165E-05,797,2.86279E-08,,,,,,,,,,,,,,,,,
6/8/2016,39,repeat,EVP-195,8:34:19,8:46:08,1.46677E-05,709,2.06879E-08,1.8736E-08,[148],,slide 86,8:44 AM,0,2 w,97.92,92.72,,,,,,,,
6/8/2016,39,repeat,EVP-196,8:35:28,8:47:00,1.01859E-05,692,1.47195E-08,,,,,,,5 w,94.8,,,,,,,,,
6/8/2016,39,repeat,EVP-197,8:36:21,8:48:04,1.12045E-05,703,1.59381E-08,,,,,,,10 w,89.6,,,,,,,,,
6/8/2016,39,repeat,EVP-198,8:37:17,8:48:34,1.52789E-05,677,2.25685E-08,,,,,,,11 w,88.56,,,,,,,,,
6/8/2016,39,repeat,EVP-199,8:38:09,8:48:48,1.26305E-05,639,1.97661E-08,,,,,,,,,,,,,,,,,
6/8/2016,38,repeat,EVP-200,8:56:07,9:07:39,1.79272E-05,692,2.59064E-08,1.72538E-08,,,slide 87,9:05 AM,0,13 w,86.48,83.36,,,,,,,,
6/8/2016,38,repeat,EVP-201,8:57:04,9:08:28,7.7413E-06,684,1.13177E-08,,,,,,,14 w,85.44,,,,,,,,,
6/8/2016,38,repeat,EVP-202,8:57:59,9:09:16,9.77848E-06,677,1.44438E-08,,,,,,,23 w,76.08,,,,,,,,,
6/8/2016,38,repeat,EVP-203,8:58:45,9:10:07,9.37104E-06,682,1.37405E-08,,,,,,,14 w,85.44,,,,,,,,,
6/8/2016,38,repeat,EVP-204,8:59:42,9:10:07,1.3038E-05,625,2.08608E-08,,,,,,,,,,,,,,,,,
6/8/2016,49,new,EVP-205,9:21:24,9:45:41,2.22053E-05,1457,1.52404E-08,1.9583E-08,82,7,slide 88,9:36 AM,0,31 b,34.48,39.94,n658,,9.5,126,8.533333333,,N 15.16859,W 092.34274
6/8/2016,49,new,EVP-206,9:22:27,9:46:00,3.17801E-05,1413,2.24912E-08,,,,,,,1 b,3.28,,n2222,,8.6,45.5,,,,
6/8/2016,49,new,EVP-207,9:23:16,9:44:59,2.64834E-05,1303,2.03249E-08,,,,,,,42 b,45.92,,new,sin conegrito,7.5,25,,,,
6/8/2016,49,new,EVP-208,9:24:00,9:45:41,2.95392E-05,1301,2.2705E-08,,,,,,,23 w,76.08,,,,,,,,,
6/8/2016,49,new,EVP-209,9:24:50,9:44:02,1.97607E-05,1152,1.71534E-08,,,,,,,,,,,,,,,,,
6/8/2016,68,new,EVP-210,9:57:40,10:13:59,2.60759E-05,979,2.66353E-08,2.46251E-08,73,2,slide 89,10:08 AM,0,21 w,78.16,75.04,620,,4,84,4.15,,N 15.16801,W 092.34267
6/8/2016,68,new,EVP-211,10:01:00,10:14:47,2.22053E-05,827,2.68504E-08,,,,,,,34 w,64.64,,new,sikinai,3.5,6.5,,,,
6/8/2016,68,new,EVP-212,10:01:40,10:15:12,1.75198E-05,812,2.15761E-08,,,,,,,15 w,84.4,,can't find placa,sikinai,3.3,"17,17",,,,
6/8/2016,68,new,EVP-213,10:02:29,10:14:17,1.52789E-05,708,2.15803E-08,,,,,,,26 w,72.96,,can't find,bolador,5.8,107.5,,,,
6/8/2016,68,new,EVP-214,10:03:24,10:13:24,1.589E-05,600,2.64834E-08,,,,,,,,,,,,,,,,,
6/8/2016,69,new,EVP-215,10:28:09,10:45:33,2.8928E-05,1044,2.77088E-08,3.08518E-08,212,3,slide 90,10:39 AM,0.4,22 w,77.12,86.48,can't find placa,canaco,2.7,"7.5,7,6,7,11.5",3.1,dead and many resprouts,N 15.16795,W 092.34302
6/8/2016,69,new,EVP-216,10:28:50,10:40:28,3.5447E-05,698,5.07837E-08,,,,,,,14 w,85.44,,589,,1.6,220,,,,
6/8/2016,69,new,EVP-217,10:29:56,10:47:28,2.58722E-05,1052,2.45934E-08,,,,,,,5 w,94.8,,can't find placa,chalum,5,72,,,,
6/8/2016,69,new,EVP-218,10:30:48,10:45:09,2.30202E-05,861,2.67366E-08,,,,,,,11 w,88.56,,,,,,,,,
6/8/2016,69,new,EVP-219,10:31:30,10:45:57,2.11867E-05,867,2.44368E-08,,,,,,,,,,,,,,,,,
6/8/2016,70,repeat,EVP-220,10:55:10,11:06:09,1.07971E-05,659,1.6384E-08,1.66304E-08,,,slide 91,11:04 AM,0,20 w,79.2,61.26,,,,,,,,
6/8/2016,70,repeat,EVP-221,10:55:23,11:07:09,1.26305E-05,706,1.78903E-08,,,,,,,46 b,50.08,,,,,,,,,
6/8/2016,70,repeat,EVP-222,10:56:57,11:08:04,1.26305E-05,667,1.89363E-08,,,,,,,41 b,44.88,,,,,,,,,
6/8/2016,70,repeat,EVP-223,10:57:48,11:08:47,9.37104E-06,659,1.42201E-08,,,,,,,28 w,70.88,,,,,,,,,
6/8/2016,70,repeat,EVP-224,10:58:27,11:08:49,9.77848E-06,622,1.5721E-08,,,,,,,,,,,,,,,,,
6/8/2016,75,repeat,EVP-225,11:17:30,11:28:06,6.11155E-06,636,9.60936E-09,1.20691E-08,,,slide 92,11:26 AM,0.3,6 w,93.76,68.54,,,,,,,,
6/8/2016,75,repeat,EVP-226,11:18:09,11:28:46,5.70411E-06,637,8.95465E-09,,,,,,,11 w,88.56,,,,,,,,,
6/8/2016,75,repeat,EVP-227,11:18:59,11:29:36,7.33386E-06,637,1.15131E-08,,,,,,,49 b,53.2,,,,,,,,,
6/8/2016,75,repeat,EVP-228,11:19:38,11:29:44,1.07971E-05,606,1.78169E-08,,,,,,,35 b,38.64,,,,,,,,,
6/8/2016,75,repeat,EVP-229,11:20:29,11:30:18,7.33386E-06,589,1.24514E-08,,,,,,,,,,,,,,,,,
6/9/2016,99,repeat,EVP-254,6:50:09,7:01:33,1.03896E-05,684,1.51895E-08,1.84767E-08,,,slide 93,6:59 AM,0,22 w,77.12,60.48,,,,,,,,
6/9/2016,99,repeat,EVP-250,6:51:40,7:02:22,1.32417E-05,642,2.06257E-08,,,,,,,35 w,63.6,,,,,,,,,
6/9/2016,99,repeat,EVP-251,6:52:47,7:03:05,1.07971E-05,618,1.7471E-08,,,,,,,22 b,25.12,,,,,,,,,
6/9/2016,99,repeat,EVP-252,6:53:37,7:04:04,9.16732E-06,627,1.46209E-08,,,,,,,23 w,76.08,,,,,,,,,
6/9/2016,99,repeat,EVP-253,6:54:19,7:03:20,1.32417E-05,541,2.44763E-08,,,,,,,,,,,,,,,,,
6/9/2016,98,repeat,EVP-255,7:14:30,7:22:27,9.9822E-06,477,2.0927E-08,1.5868E-08,91,,slide 94,7:23 AM,0,7 w,92.72,62.3,,,,,,,,
6/9/2016,98,repeat,EVP-256,7:15:15,7:23:03,6.31527E-06,468,1.34942E-08,,,,,,,27 b,30.32,,,,,,,,,
6/9/2016,98,repeat,EVP-258,7:16:37,7:24:36,7.53758E-06,479,1.57361E-08,,,,,,,37 w,61.52,,,,,,,,,
6/9/2016,98,repeat,EVP-259,7:17:22,7:25:01,6.11155E-06,459,1.33149E-08,,,,,,,34 w,64.64,,,,,,,,,
6/9/2016,96,new,EVP-260,7:38:30,7:57:00,1.589E-05,1110,1.43153E-08,1.67235E-08,269,9,slide 95,7:52 AM,0,34 w,64.64,81.28,1198,,8.8,148,5.4,,N 15.16720,W 092.34241
6/9/2016,96,new,EVP-261,7:39:18,7:57:38,1.71123E-05,1100,1.55567E-08,,,,,,,9 w,90.64,,n2440,,6.4,30,,,,
6/9/2016,96,new,EVP-262,7:40:05,7:58:19,1.67049E-05,1094,1.52696E-08,,,,,,,6 w,93.76,,1255?,,1,"27.5,20,23",,,,
6/9/2016,96,new,EVP-263,7:40:46,7:57:38,2.2409E-05,1012,2.21433E-08,,,,,,,23 w,76.08,,,,,,,,,
6/9/2016,96,new,EVP-264,7:41:28,7:56:51,1.50752E-05,923,1.63328E-08,,,,,,,,,,,,,,,,,
6/9/2016,77,new,EVP-265,8:04:45,8:21:45,1.05934E-05,1020,1.03856E-08,1.74095E-08,270,2,slide 96,8:16 AM,0,8 w,91.68,52.68,1024,,2.8,115,3.966666667,,N 15.16766,W 092. 34261
6/9/2016,77,new,EVP-266,8:05:35,8:25:16,2.0983E-05,1181,1.77671E-08,,,,,,,30 b,33.44,,new,sikinai,2.3,"15,6,7.5",,,,
6/9/2016,77,new,EVP-267,8:07:04,8:22:56,1.87421E-05,952,1.96871E-08,,,,,,,25 b,28.24,,102[7?],,6.8,102,,,,
6/9/2016,77,new,EVP-268,8:07:48,8:22:44,1.46677E-05,896,1.63702E-08,,,,,,,53 b,57.36,,,,,,,,,
6/9/2016,77,new,EVP-269,8:08:34,8:21:39,1.79272E-05,785,2.28372E-08,,,,,,,,,,,,,,,,,
6/9/2016,68,repeat,EVP-270,8:28:41,8:39:40,2.30202E-05,659,3.4932E-08,3.63099E-08,,,slide 97,8:38 AM,0,24 w,75.04,77.64,,,,,,,,
6/9/2016,68,repeat,EVP-271,8:29:24,8:40:17,2.36313E-05,653,3.61889E-08,,,,,,,25 w,74,,,,,,,,,
6/9/2016,68,repeat,EVP-272,8:30:31,8:38:38,1.32417E-05,487,2.71903E-08,,,,,,,14 w,85.44,,,,,,,,,
6/9/2016,68,repeat,EVP-273,8:31:12,8:37:55,1.4464E-05,403,3.58908E-08,,,,,,,23 w,76.08,,,,,,,,,
6/9/2016,68,repeat,EVP-274,8:31:52,8:37:19,1.54826E-05,327,4.73474E-08,,,,,,,,,,,,,,,,,
6/25/2016,76,new,EVP-300,9:24:10,9:42:09,4.02491E-05,1079,3.73022E-08,3.19921E-08,145,5,na,9:36 AM,0.3,25 w,74,77.12,965,,2.7,"66,57.5,38",4.466666667,,N 15.16756,W 092.34303
6/25/2016,76,new,EVP-301,9:25:12,9:43:00,3.68292E-05,1068,3.44843E-08,,,,,,,23 w,76.08,,n2271,,6.5,89,,,,
6/25/2016,76,new,EVP-302,9:26:19,9:43:44,3.49878E-05,1045,3.34811E-08,,,,,,,25 w,74,,n729,,4.2,70,,,,
6/25/2016,76,new,EVP-303,9:27:27,9:44:32,2.81481E-05,1025,2.74615E-08,,,,,,,15 w,84.4,,,,,,,,,
6/25/2016,76,new,EVP-304,9:28:10,9:45:14,2.7885E-05,1024,2.72314E-08,,,,,,,,,,,,,,,,,
6/25/2016,77,repeat,EVP-305,10:15:08,10:34:25,2.92003E-05,1157,2.5238E-08,2.33473E-08,,,,,,,,,,,,,,,,
6/25/2016,77,repeat,EVP-306,10:16:02,10:35:07,2.47282E-05,1145,2.15967E-08,,,,,,,,,,,,,,,,,
6/25/2016,77,repeat,EVP-307,10:17:03,10:35:51,2.63066E-05,1128,2.33215E-08,,,,,,,,,,,,,,,,,
6/25/2016,77,repeat,EVP-308,10:17:50,10:36:33,2.97265E-05,1123,2.64706E-08,,,,,,,,,,,,,,,,,
6/25/2016,77,repeat,EVP-309,10:18:36,10:37:21,2.26237E-05,1125,2.01099E-08,,,,,,,,,,,,,,,,,
6/25/2016,96,repeat,EVP-310,10:55:00,11:13:38,2.20975E-05,1118,1.97652E-08,1.82619E-08,,,,11:08 AM,0.3,23 w,76.08,79.72,,,,,,,,
6/25/2016,96,repeat,EVP-311,10:56:04,11:14:21,1.89408E-05,1097,1.7266E-08,,,,,,,18 w,81.28,,,,,,,,,
6/25/2016,96,repeat,EVP-312,10:56:56,11:15:01,2.18345E-05,1085,2.01239E-08,,,,,,,21 w,78.16,,,,,,,,,
6/25/2016,96,repeat,EVP-313,10:57:42,11:15:36,2.15714E-05,1074,2.00851E-08,,,,,,,16 w,83.36,,,,,,,,,
6/25/2016,96,repeat,EVP-314,10:58:32,11:16:09,1.48714E-05,1057,1.40695E-08,,,,,,,,,,,,,,,,,
6/25/2016,67,new,EVP-315,11:39:05,11:55:30,1.73161E-05,985,1.75798E-08,1.59428E-08,198,3,na,12:05 PM,0,33 b,36.56,39.94,4041,sikinai,1.4,71,6,"coffeeDensity is 3, but there's only 5 total visible in the area, creek near site",N 15.16814,W 092.34217
6/25/2016,67,new,EVP-316,11:39:53,11:56:16,1.71123E-05,983,1.74083E-08,,,,,,,68 b,72.96,,new,secropia,7,43,,,,
6/25/2016,67,new,EVP-317,11:40:41,11:56:53,1.26305E-05,972,1.29944E-08,,,,,,,28 b,31.36,,can't find,CoXa,9.6,"50,26",,,,
6/25/2016,67,new,EVP-318,11:42:00,11:57:44,1.48714E-05,944,1.57536E-08,,,,,,,16 b,18.88,,,,,,,,,
6/25/2016,67,new,EVP-319,11:43:03,11:58:21,1.46677E-05,918,1.59779E-08,,,,,,,,,,,,,,,,,
6/25/2016,66,new,EVP-320,12:37:51,12:55:08,2.20016E-05,1037,2.12166E-08,2.1418E-08,239,6,na,1:04 PM,0,38 w,60.48,56.06,4047,,2.7,96.5,5.6,,N 15.16818,W 092.34185
6/25/2016,66,new,EVP-321,12:38:30,12:55:45,2.28165E-05,1035,2.20449E-08,,,,,,,11 w,88.56,,n2083,,6.6,58,,,,
6/25/2016,66,new,EVP-322,12:39:39,12:56:37,1.99644E-05,1018,1.96114E-08,,,,,,,32 w,66.72,,can't find,chalum,7.5,"49,13.5",,,,
6/25/2016,66,new,EVP-323,12:40:43,12:57:15,2.34276E-05,992,2.36165E-08,,,,,,,6 b,8.48,,,,,,,,,
6/25/2016,66,new,EVP-324,12:41:32,12:57:51,2.01681E-05,979,2.06007E-08,,,,,,,,,,,,,,,,,
6/25/2016,51,new,EVP-325,13:16:23,13:33:48,2.56685E-05,1045,2.45632E-08,2.31156E-08,283,7,na,1:43 PM,0,10 w,89.6,61,nn266?,,7.6,47.5,5.633333333,,N 15.16849,W 092.34184
6/25/2016,51,new,EVP-326,13:17:32,13:34:18,2.28165E-05,1006,2.26804E-08,,,,,,,9 w,90.64,,3445,,7.2,146.5,,,,
6/25/2016,51,new,EVP-327,13:19:55,13:35:45,2.05756E-05,950,2.16585E-08,,,,,,,36 b,39.68,,3621,,2.1,90,,,,
6/25/2016,51,new,EVP-328,13:18:31,13:35:03,2.40388E-05,992,2.42326E-08,,,,,,,21 b,24.08,,,,,,,,,
6/25/2016,51,new,EVP-329,13:20:40,13:36:24,2.11867E-05,944,2.24435E-08,,,,,,,,,,,,,,,,,
6/26/2016,66,repeat,EVP-359,8:28:16,8:44:12,2.05756E-05,956,2.15225E-08,1.99919E-08,,,,8:36 AM,0,49 w,49.04,56.06,,,,,,,,
6/26/2016,66,repeat,EVP-360,8:29:25,8:44:50,2.07793E-05,925,2.24641E-08,,,,,,,13 w,86.48,,,,,,,,,
6/26/2016,66,repeat,EVP-361,8:30:24,8:45:47,1.87421E-05,923,2.03056E-08,,,,,,,20 w,79.2,,,,,,,,,
6/26/2016,66,repeat,EVP-362,8:31:12,8:46:28,1.32417E-05,916,1.4456E-08,,,,,,,7 b,9.52,,,,,,,,,
6/26/2016,66,repeat,EVP-363,8:32:17,8:47:39,1.9557E-05,922,2.12115E-08,,,,,,,,,,,,,,,,,
6/26/2016,51,repeat,EVP-364,8:53:51,9:08:41,2.48536E-05,890,2.79254E-08,2.76003E-08,,,,9:05 AM,0.3,8 w,91.68,50.08,,,,,,,,
6/26/2016,51,repeat,EVP-365,8:54:51,9:09:29,2.7502E-05,878,3.13234E-08,,,,,,,25 w,74,,,,,,,,,
6/26/2016,51,repeat,EVP-366,8:56:03,9:10:13,2.2409E-05,850,2.63635E-08,,,,,,,1 b,3.28,,,,,,,,,
6/26/2016,51,repeat,EVP-367,8:56:49,9:10:50,2.22053E-05,841,2.64034E-08,,,,,,,28 b,31.36,,,,,,,,,
6/26/2016,51,repeat,EVP-368,8:57:37,9:11:28,2.15941E-05,831,2.59857E-08,,,,,,,,,,,,,,,,,
6/26/2016,50,new,EVP-369,9:37:04,9:55:28,3.32061E-05,1104,3.0078E-08,3.27606E-08,164,2,na,10:06 AM,0,14 w,85.44,68.54,new,CoXa,2.4,"13,11",2.8,,N 15.16857,W 092.34239
6/26/2016,50,new,EVP-370,9:37:48,9:56:13,2.95392E-05,1105,2.67323E-08,,,,,,,15 w,84.4,,new,CoXa,2.8,18,,,,
6/26/2016,50,new,EVP-371,9:38:50,9:57:22,3.42247E-05,1112,3.07776E-08,,,,,,,5 b,7.44,,3425,,3.2,132,,,,
6/26/2016,50,new,EVP-372,9:39:42,9:58:14,3.74842E-05,1112,3.37088E-08,,,,,,,3 w,96.88,,,,,,,,,
6/26/2016,50,new,EVP-373,9:41:36,9:58:56,4.42069E-05,1040,4.25066E-08,,,,,,,,,,,,,,,,,
6/26/2016,40,new,EVP-374,10:22:38,10:42:21,4.27808E-05,1183,3.6163E-08,3.72838E-08,187,14,na,10:41 AM,0.3,52 w,45.92,63.86,n636,,0.8,64,5.233333333,,N 15.16889,W 092.34283
6/26/2016,40,new,EVP-375,10:23:35,10:43:04,3.80953E-05,1169,3.2588E-08,,,,,,,12 w,87.52,,7788,,8.8,"10,21,18.5,63,29.5,76.5,43,9,4",,,,
6/26/2016,40,new,EVP-376,10:24:27,10:44:43,5.07259E-05,1216,4.17153E-08,,,,,,,40 w,58.4,,n2211,,6.1,"60.5,37",,,,
6/26/2016,40,new,EVP-377,10:25:21,10:45:23,4.46143E-05,1202,3.71167E-08,,,,,,,35 w,63.6,,,,,,,,,
6/26/2016,40,new,EVP-378,10:26:10,10:46:06,4.64478E-05,1196,3.88359E-08,,,,,,,,,,,,,,,,,
6/26/2016,21,new,EVP-379,10:55:36,11:15:26,5.1337E-05,1190,4.31404E-08,3.21082E-08,181,14,na,10:57 AM,0.5,7 w,92.72,81.8,7587,,1.4,78,3.766666667,,N 15.16936,W 092.34277
6/26/2016,21,new,EVP-380,10:56:27,11:16:39,4.11511E-05,1212,3.39531E-08,,,,,,,43 b,46.96,,can't find,secropia,5.1,"16,45,39.5,34.5",,,,
6/26/2016,21,new,EVP-381,10:57:08,11:17:20,3.99288E-05,1212,3.29445E-08,,,,,,,6 w,93.76,,can't find,trema micranta,4.8,50,,,,
6/26/2016,21,new,EVP-382,10:58:08,11:18:23,2.20016E-05,1215,1.81083E-08,,,,,,,6 w,93.76,,,,,,,,,
6/26/2016,21,new,EVP-383,10:58:44,11:19:04,3.95214E-05,1220,3.23946E-08,,,,,,,,,,,,,,,,,
6/26/2016,22,new,EVP-384,11:36:46,11:54:03,2.56685E-05,1037,2.47527E-08,2.31382E-08,216,17,na,11:37 AM,0.5,15 w,84.4,86.74,2112,,1.6,137,5.1,,N 15.16938,W 092.34245
6/26/2016,22,new,EVP-385,11:37:32,11:54:58,2.30202E-05,1046,2.20078E-08,,,,,,,7 w,92.72,,nn160,,6.2,53,,,,
6/26/2016,22,new,EVP-386,11:38:34,11:55:49,2.56685E-05,1035,2.48005E-08,,,,,,,10 w,89.6,,2162,,7.5,116.5,,,,
6/26/2016,22,new,EVP-387,11:39:40,11:56:36,2.20016E-05,1016,2.16551E-08,,,,,,,19 w,80.24,,,,,,,,,
6/26/2016,22,new,EVP-389,11:40:51,11:57:19,2.22053E-05,988,2.2475E-08,,,,,,,,,,,,,,,,,
6/27/2016,21,repeat,EVP-419,10:13:51,10:31:36,3.87065E-05,1065,3.63441E-08,2.77044E-08,,,,10:23 AM,0.4,6 w,93.76,82.32,,,,,,,,
6/27/2016,21,repeat,EVP-420,10:14:48,10:33:11,2.70945E-05,1103,2.45644E-08,,,,,,,47 w,51.12,,,,,,,,,
6/27/2016,21,repeat,EVP-421,10:15:43,10:33:11,2.95392E-05,1048,2.81862E-08,,,,,,,7 w,92.72,,,,,,,,,
6/27/2016,21,repeat,EVP-422,10:16:45,10:33:56,2.01681E-05,1031,1.95617E-08,,,,,,,8 w,91.68,,,,,,,,,
6/27/2016,21,repeat,EVP-423,10:17:40,10:34:50,3.07615E-05,1030,2.98655E-08,,,,,,,,,,,,,,,,,
6/27/2016,19,new,EVP-424,11:00:57,11:19:38,2.93354E-05,1121,2.6169E-08,2.48666E-08,284,15,na,11:32 AM,0,16 b,18.88,29.8,7708,,2.3,84,4.366666667,,N 15.16931,W 092.34363
6/27/2016,19,new,EVP-425,11:02:03,11:20:28,2.95392E-05,1105,2.67323E-08,,,,,,,26 w,72.96,,7613,,6,"164,37,17.5",,,,
6/27/2016,19,new,EVP-426,11:02:57,11:21:18,2.97429E-05,1101,2.70144E-08,,,,,,,21 b,24.08,,new,cola de gallo,4.8,"13.5,18,28.5,25",,,,
6/27/2016,19,new,EVP-427,11:03:58,11:22:09,2.05756E-05,1091,1.88594E-08,,,,,,,1 b,3.28,,,,,,,,,
6/27/2016,19,new,EVP-428,11:04:52,11:23:04,2.79094E-05,1092,2.55581E-08,,,,,,,,,,,,,,,,,
6/27/2016,1,new,EVP-429,11:57:00,12:13:42,1.10008E-05,1002,1.09788E-08,1.22866E-08,76,13,na,12:19 PM,0,21 w,78.16,84.14,775,,2.7,"82,48",5.133333333,,N 15.17033,W 092.34215
6/27/2016,1,new,EVP-430,11:58:11,12:14:25,1.4464E-05,974,1.48501E-08,,,,,,,20 w,79.2,,962?,,7.9,36.5,,,,
6/27/2016,1,new,EVP-431,11:58:57,12:15:13,1.16119E-05,976,1.18975E-08,,,,,,,12 w,87.52,,nn89,,4.8,62,,,,
6/27/2016,1,new,EVP-432,11:59:50,12:15:51,1.18157E-05,961,1.22952E-08,,,,,,,8 w,91.68,,,,,,,,,
6/27/2016,1,new,EVP-433,12:00:39,12:16:43,1.10008E-05,964,1.14116E-08,,,,,,,,,,,,,,,,,
6/28/2016,1,repeat,EVP-464,8:18:37,8:36:20,8.14873E-06,1063,7.66579E-09,7.6963E-09,,,,8:31 AM,0,23 w,76.08,82.58,,,,,,,,
6/28/2016,1,repeat,EVP-465,8:19:45,8:37:02,8.14873E-06,1037,7.85799E-09,,,,,,,22 w,77.12,,,,,,,,,
6/28/2016,1,repeat,EVP-466,8:20:44,8:37:47,9.16732E-06,1023,8.96122E-09,,,,,,,15 w,84.4,,,,,,,,,
6/28/2016,1,repeat,EVP-467,8:21:38,8:38:30,7.7413E-06,1012,7.6495E-09,,,,,,,7 w,92.72,,,,,,,,,
6/28/2016,1,repeat,EVP-468,8:22:54,8:39:29,6.31527E-06,995,6.347E-09,,,,,,,,,,,,,,,,,
6/28/2016,2,new,EVP-469,8:46:32,9:03:36,1.56863E-05,1024,1.53187E-08,1.54556E-08,138,11,na,9:11 AM,0.5,24 b,27.2,55.54,939,,1.4,91.5,5.166666667,,N 15.17026,W 092.34171
6/28/2016,2,new,EVP-470,8:47:23,9:04:39,1.50752E-05,1036,1.45513E-08,,,,,,,32 w,66.72,,843,,6.5,108,,,,
6/28/2016,2,new,EVP-471,8:48:28,9:05:28,1.54826E-05,1020,1.5179E-08,,,,,,,37 w,61.52,,841,,7.6,128.5,,,,
6/28/2016,2,new,EVP-472,8:49:23,9:06:21,1.50752E-05,1018,1.48086E-08,,,,,,,32 w,66.72,,,,,,,,,
6/28/2016,2,new,EVP-473,8:50:24,9:06:58,1.73161E-05,994,1.74206E-08,,,,,,,,,,,,,,,,,
6/28/2016,3,new,EVP-474,9:24:05,9:40:08,1.77235E-05,963,1.84045E-08,1.54909E-08,279,12,na,9:47 AM,0.4,5 w,94.8,72.44,1125,,4.13,69.5,4.176666667,,N 15.17023,W 092.34133
6/28/2016,3,new,EVP-475,9:25:08,9:40:50,1.32417E-05,942,1.4057E-08,,,,,,,19 w,80.24,,1164,,5,75.5,,,,
6/28/2016,3,new,EVP-476,9:26:00,9:41:36,1.40566E-05,936,1.50177E-08,,,,,,,38 w,60.48,,1126,,3.4,70,,,,
6/28/2016,3,new,EVP-477,9:27:07,9:42:20,1.42603E-05,913,1.56191E-08,,,,,,,50 b,54.24,,,,,,,,,
6/28/2016,3,new,EVP-478,9:28:10,9:43:04,1.28343E-05,894,1.4356E-08,,,,,,,,,,,,,,,,,
6/28/2016,15,new,EVP-479,10:28:42,10:44:08,7.7413E-06,926,8.35993E-09,9.42852E-09,187,7,na,10:51 AM,0,6 w,93.76,93.5,1665,,6,65,4.3,,N 15.16981,W 092.34174
6/28/2016,15,new,EVP-480,10:29:59,10:44:57,6.92642E-06,898,7.71317E-09,,,,,,,7 w,92.72,,1667,,5.7,109,,,,
6/28/2016,15,new,EVP-481,10:30:55,10:45:57,8.75989E-06,902,9.71163E-09,,,,,,,4 w,95.84,,1770,,1.2,89,,,,
6/28/2016,15,new,EVP-482,10:31:41,10:46:40,7.7413E-06,899,8.61101E-09,,,,,,,8 w,91.68,,,,,,,,,
6/28/2016,15,new,EVP-483,10:32:44,10:47:23,1.12045E-05,879,1.27469E-08,,,,,,,,,,,,,,,,,
6/28/2016,24,new,EVP-484,11:30:46,11:47:27,9.9822E-06,1001,9.97223E-09,9.35553E-09,213,6,na,11:57 AM,0.3,4 w,95.84,94.8,2216,,2.4,92.5,2.733333333,,N 15.16941,W 092.34165
6/28/2016,24,new,EVP-485,11:31:59,11:48:10,1.10008E-05,971,1.13293E-08,,,,,,,7 w,92.72,,new,CoXa,3.4,30.5,,,,
6/28/2016,24,new,EVP-486,11:33:01,11:48:58,7.94501E-06,957,8.302E-09,,,,,,,4 w,95.84,,2217,chalum,2.4,"63,68",,,,
6/28/2016,24,new,EVP-487,11:34:00,11:49:42,8.96361E-06,942,9.51551E-09,,,,,,,5 w,94.8,,,,,,,,,
6/28/2016,24,new,EVP-488,11:35:00,11:50:31,7.13014E-06,931,7.65858E-09,,,,,,,,,,,,,,,,,
6/29/2016,2,repeat,EVP-519,8:31:46,8:47:43,4.15585E-05,957,4.34259E-08,4.33827E-08,,,,8:43 AM,0.3,35 b,38.64,62.04,,,,,,,,
6/29/2016,2,repeat,EVP-520,8:33:07,8:48:32,3.76879E-05,925,4.07437E-08,,,,,,,32 w,66.72,,,,,,,,,
6/29/2016,2,repeat,EVP-521,8:34:24,8:49:16,4.27808E-05,892,4.79606E-08,,,,,,,22 w,77.12,,,,,,,,,
6/29/2016,2,repeat,EVP-522,8:35:16,8:50:46,3.85028E-05,930,4.14008E-08,,,,,,,33 w,65.68,,,,,,,,,
6/29/2016,57,new,EVP-524,9:10:37,9:25:57,3.46321E-05,920,3.76436E-08,3.59806E-08,112,14,na,9:36 AM,0.3,14 w,85.44,86.22,nn254,,1.05,26.5,4.883333333,"site on side of road, isolated from most trees because of steep cliffs",N 15.16897,W 092.33913
6/29/2016,57,new,EVP-525,9:11:40,9:26:17,3.34098E-05,877,3.80956E-08,,,,,,,8 w,91.68,,3571,,2.1,122,,,,
6/29/2016,57,new,EVP-526,9:12:23,9:27:14,3.4021E-05,891,3.81829E-08,,,,,,,13 w,86.48,,5581,,11.5,56,,,,
6/29/2016,57,new,EVP-527,9:13:08,9:28:05,2.54648E-05,897,2.83888E-08,,,,,,,18 w,81.28,,,,,,,,,
6/29/2016,57,new,EVP-528,9:13:59,9:29:04,3.4021E-05,905,3.75922E-08,,,,,,,,,,,,,,,,,
6/29/2016,58,new,EVP-529,9:56:53,10:11:44,3.0354E-05,891,3.40674E-08,2.81095E-08,285,5,na,10:23 AM,0,22 w,77.12,75.3,3812,,5.7,61,4.366666667,there's a stream next to this site,N 15.16898,W 092.33875
6/29/2016,58,new,EVP-530,9:57:44,10:12:31,2.83168E-05,887,3.19243E-08,,,,,,,15 w,84.4,,3908,,1.5,109,,,,
6/29/2016,58,new,EVP-531,9:58:47,10:13:15,2.30202E-05,868,2.65209E-08,,,,,,,35 w,63.6,,new,CoXa,5.9,20,,,,
6/29/2016,58,new,EVP-532,9:59:47,10:14:14,2.26127E-05,867,2.60816E-08,,,,,,,23 w,76.08,,,,,,,,,
6/29/2016,58,new,EVP-533,10:00:44,10:15:07,1.89458E-05,863,2.19534E-08,,,,,,,,,,,,,,,,,
6/29/2016,59,new,EVP-534,10:41:57,10:57:36,3.66693E-05,939,3.90514E-08,4.10125E-08,274,17,na,11:04 AM,0.9,9 w,90.64,77.9,4150,,1.2,155,3.3,,N 15.16869,W 092.33862
6/29/2016,59,new,EVP-535,10:42:58,10:58:22,4.37994E-05,924,4.7402E-08,,,,,,,21 w,78.16,,4151,,1.9,90,,,,
6/29/2016,59,new,EVP-536,10:43:56,10:59:19,3.78916E-05,923,4.10527E-08,,,,,,,16 w,83.36,,4023,,6.8,197,,,,
6/29/2016,59,new,EVP-537,10:44:54,11:00:01,3.60581E-05,907,3.97554E-08,,,,,,,39 w,59.44,,,,,,,,,
6/29/2016,59,new,EVP-538,10:45:50,11:00:50,3.4021E-05,900,3.78011E-08,,,,,,,,,,,,,,,,,
6/29/2016,86,new,EVP-539,11:14:52,11:32:13,2.66871E-05,1041,2.5636E-08,2.47487E-08,243,9,na,11:42 AM,0.3,4 w,95.84,73.74,new?,chalum,5.8,40.5,4.033333333,chalum,N 15.16827,W 092.33859
6/29/2016,86,new,EVP-540,11:16:01,11:32:50,2.48536E-05,1009,2.46319E-08,,,,,,,3 w,96.88,,4779,,4.6,69,,,,
6/29/2016,86,new,EVP-541,11:16:49,11:33:35,2.44462E-05,1006,2.43004E-08,,,,,,,28 w,70.88,,4777,,1.7,54.5,,,,
6/29/2016,86,new,EVP-542,11:17:35,11:34:23,2.62797E-05,1008,2.60711E-08,,,,,,,28 b,31.36,,,,,,,,,
6/29/2016,86,new,EVP-543,11:18:20,11:35:14,2.34276E-05,1014,2.31041E-08,,,,,,,,,,,,,,,,,
6/30/2016,59,repeat,EVP-574,8:13:18,8:29:14,3.25949E-05,956,3.40951E-08,3.4806E-08,,,,8:23 AM,0,7 w,92.72,76.34,,,,,,,,
6/30/2016,59,repeat,EVP-575,8:14:15,8:30:01,2.8928E-05,946,3.05793E-08,,,,,,,27 w,71.92,,,,,,,,,
6/30/2016,59,repeat,EVP-576,8:15:06,8:30:53,2.87243E-05,947,3.03319E-08,,,,,,,17 w,82.32,,,,,,,,,
6/30/2016,59,repeat,EVP-577,8:16:04,8:31:49,3.34098E-05,945,3.53543E-08,,,,,,,40 w,58.4,,,,,,,,,
6/30/2016,59,repeat,EVP-578,8:17:00,8:32:47,4.13548E-05,947,4.36693E-08,,,,,,,,,,,,,,,,,
6/30/2016,87,new,EVP-579,8:42:17,8:58:06,2.48536E-05,949,2.61893E-08,2.75278E-08,254,20,na,9:10 AM,0,22 w,77.12,74.78,5409,,3,154,3.4,coffee plants here are >6ft,N 15.161711,W 092.33861
6/30/2016,87,new,EVP-580,8:43:21,8:58:56,2.93354E-05,935,3.13748E-08,,,,,,,35 w,63.6,,5415,,2.6,49,,,,
6/30/2016,87,new,EVP-581,8:44:11,8:59:42,2.66871E-05,931,2.8665E-08,,,,,,,10 w,89.6,,5414,,4.6,105,,,,
6/30/2016,87,new,EVP-582,8:45:05,9:00:30,2.46499E-05,925,2.66486E-08,,,,,,,30 w,68.8,,,,,,,,,
6/30/2016,87,new,EVP-583,8:46:09,9:01:14,2.2409E-05,905,2.47613E-08,,,,,,,,,,,,,,,,,
6/30/2016,114,new,EVP-584,9:25:27,9:43:40,4.9911E-05,1093,4.56642E-08,4.63464E-08,137,7,na,9:56 AM,0,32 w,66.72,78.94,5738,,1.2,177,2.133333333,,N 15.16737,W 092.33856
6/30/2016,114,new,EVP-585,9:26:27,9:44:25,4.27808E-05,1078,3.96854E-08,,,,,,,18 w,81.28,,can't find,pambaso,4.1,58,,,,
6/30/2016,114,new,EVP-586,9:27:17,9:45:04,5.03184E-05,1067,4.71588E-08,,,,,,,8 w,91.68,,can't find,canaco,1.1,43.5,,,,
6/30/2016,114,new,EVP-587,9:28:14,9:45:49,4.42069E-05,1055,4.19023E-08,,,,,,,23 w,76.08,,,,,,,,,
6/30/2016,114,new,EVP-588,9:29:03,9:45:31,5.66337E-05,988,5.73216E-08,,,,,,,,,,,,,,,,,
6/30/2016,128,new,EVP-589,10:14:00,10:31:39,2.62797E-05,1059,2.48155E-08,3.3556E-08,168,3,na,10:42 AM,0.3,32 w,66.72,59.18,can't find,same species as tree 3; I can see mountains from here,5.4,29.5,3.55,Mountains visible,N 15.16689,W 092.33846
6/30/2016,128,new,EVP-590,10:14:55,10:32:37,4.46143E-05,1062,4.20097E-08,,,,,,,27 b,30.32,,new,chalum,2.85,12,,,,
6/30/2016,128,new,EVP-591,10:15:51,10:33:27,3.64656E-05,1056,3.45318E-08,,,,,,,18 w,81.28,,6418,,2.4,50,,,,
6/30/2016,128,new,EVP-592,10:16:37,10:34:19,3.09652E-05,1062,2.91574E-08,,,,,,,40 w,58.4,,,,,,,,,
6/30/2016,128,new,EVP-593,10:17:23,10:35:09,3.97251E-05,1066,3.72655E-08,,,,,,,,,,,,,,,,,
6/30/2016,127,new,EVP-594,10:53:40,11:11:58,1.75198E-05,1098,1.59561E-08,2.33097E-08,165,6,na,11:30 AM,0.3,18 w,81.28,77.12,6343,,10.3,154,7.8,,N 15.16687,W 092.33891
6/30/2016,127,new,EVP-595,10:54:49,11:12:42,3.15763E-05,1073,2.94281E-08,,,,,,,35 b,38.64,,6340,,5.9,300,,,,
6/30/2016,127,new,EVP-596,10:55:46,11:13:27,3.23912E-05,1061,3.05289E-08,,,,,,,5 w,94.8,,new,,7.2,33,,,,
6/30/2016,127,new,EVP-597,10:56:38,11:14:19,2.01681E-05,1061,1.90086E-08,,,,,,,6 w,93.76,,,,,,,,,
6/30/2016,127,new,EVP-598,10:57:26,11:15:01,2.28165E-05,1055,2.1627E-08,,,,,,,,,,,,,,,,,
6/30/2016,126,new,EVP-599,11:44:49,12:03:16,3.56507E-05,1107,3.22048E-08,2.8991E-08,237,4,na,12:11 PM,0.4,21 w,78.16,68.8,n50,,7.1,55.5,6.266666667,River near site,N 15.16679,W 092.33949
6/30/2016,126,new,EVP-600,11:46:12,12:04:06,3.09652E-05,1074,2.88316E-08,,,,,,,21 w,78.16,,nn44[4?],,9.2,56,,,,
6/30/2016,126,new,EVP-601,11:47:12,12:05:01,2.81131E-05,1069,2.62985E-08,,,,,,,35 b,38.64,,6328,,2.5,142.5,,,,
6/30/2016,126,new,EVP-602,11:49:36,12:05:47,2.46499E-05,971,2.53861E-08,,,,,,,19 w,80.24,,,,,,,,,
6/30/2016,126,new,EVP-603,11:50:44,12:06:32,3.05577E-05,948,3.22339E-08,,,,,,,,,,,,,,,,,
7/1/2016,126,repeat,EVP-634,8:34:19,8:50:25,1.87421E-05,966,1.94017E-08,1.98875E-08,,,,8:45 AM,0,30 w,68.8,74.26,,,,,,,,
7/1/2016,126,repeat,EVP-635,8:35:17,8:51:21,1.79272E-05,964,1.85967E-08,,,,,,,17 w,82.32,,,,,,,,,
7/1/2016,126,repeat,EVP-637,8:36:49,8:52:20,1.87421E-05,931,2.01311E-08,,,,,,,33 w,65.68,,,,,,,,,
7/1/2016,126,repeat,EVP-638,8:37:55,8:53:08,1.9557E-05,913,2.14205E-08,,,,,,,19 w,80.24,,,,,,,,,
7/1/2016,112,new,EVP-639,9:00:09,9:15:52,3.34098E-05,943,3.54293E-08,3.13944E-08,199,6,na,9:26 AM,0.5,33 w,65.68,60.74,new,chalum,3.4,3.5,7,Mountains visible,N 15.16719,W 092.33946
7/1/2016,112,new,EVP-640,9:01:07,9:17:56,3.09652E-05,1009,3.0689E-08,,,,,,,28 b,31.36,,6050,,10.2,137.5,,,,
7/1/2016,112,new,EVP-641,9:01:54,9:16:40,2.77057E-05,886,3.12705E-08,,,,,,,17 w,82.32,,5994,,7.4,143,,,,
7/1/2016,112,new,EVP-642,9:02:53,9:19:03,2.85206E-05,970,2.94026E-08,,,,,,,35 w,63.6,,,,,,,,,
7/1/2016,112,new,EVP-643,9:03:36,9:19:48,2.93354E-05,972,3.01805E-08,,,,,,,,,,,,,,,,,
7/1/2016,113,new,EVP-644,9:38:58,9:54:00,2.03718E-05,902,2.25852E-08,1.84702E-08,249,5,na,10:03 AM,0,15 w,84.4,82.32,new,CoXa,1.8,22,2.016666667,,N 15.16735,W 092.33901
7/1/2016,113,new,EVP-645,9:39:59,9:54:50,1.14082E-05,891,1.28038E-08,,,,,,,5 w,94.8,,new,CoXa,3,34,,,,
7/1/2016,113,new,EVP-646,9:40:43,9:55:27,1.54826E-05,884,1.75142E-08,,,,,,,8 w,91.68,,6061,,1.25,59.5,,,,
7/1/2016,113,new,EVP-647,9:41:30,9:56:02,1.54826E-05,872,1.77553E-08,,,,,,,40 w,58.4,,,,,,,,,
7/1/2016,113,new,EVP-648,9:42:18,9:56:42,1.87421E-05,864,2.16922E-08,,,,,,,,,,,,,,,,,
7/1/2016,88,new,EVP-649,10:15:03,10:30:25,1.87421E-05,922,2.03276E-08,2.76303E-08,263,4,na,10:39 AM,0.4,17 w,82.32,50.6,new,CoXa,8.2,"29,11.5,13,7",5.633333333,,N 15.16762,W 092.33910
7/1/2016,88,new,EVP-650,10:15:51,10:31:03,2.52611E-05,912,2.76985E-08,,,,,,,25 b,28.24,,nn346,,6.9,"27.5,33.5",,,,
7/1/2016,88,new,EVP-651,10:18:16,10:31:46,3.01503E-05,810,3.72226E-08,,,,,,,17 b,19.92,,5401,,1.8,126,,,,
7/1/2016,88,new,EVP-652,10:18:57,10:32:36,2.11867E-05,819,2.5869E-08,,,,,,,27 w,71.92,,,,,,,,,
7/1/2016,88,new,EVP-653,10:19:20,10:33:24,2.28165E-05,844,2.70337E-08,,,,,,,,,,,,,,,,,
7/1/2016,85,new,EVP-654,10:59:53,11:14:42,1.54826E-05,889,1.74157E-08,1.83683E-08,154,12,na,11:22 AM,0,16 w,83.36,88.04,new,chalum,3.7,39,3.3,,N 15.16814,W 092.33916
7/1/2016,85,new,EVP-655,11:00:43,11:16:26,1.71123E-05,943,1.81467E-08,,,,,,,19 w,80.24,,n399 or n390,,4.8,60,,,,
7/1/2016,85,new,EVP-656,11:01:35,11:17:06,1.71123E-05,931,1.83806E-08,,,,,,,5 w,94.8,,nn316,,1.4,59,,,,
7/1/2016,85,new,EVP-657,11:02:15,11:17:52,1.71123E-05,937,1.82629E-08,,,,,,,6 w,93.76,,,,,,,,,
7/1/2016,85,new,EVP-658,11:02:58,11:15:25,1.46677E-05,747,1.96355E-08,,,,,,,,,,,,,,,,,
7/1/2016,84,new,EVP-659,11:53:40,12:12:33,2.20016E-05,1133,1.94189E-08,2.07426E-08,120,9,na,12:22 PM,0,17 w,82.32,86.48,4991,,1.1,120,3.566666667,,N 15.16797,W 092.33938
7/1/2016,84,new,EVP-660,11:54:30,12:13:15,1.87421E-05,1125,1.66596E-08,,,,,,,17 w,82.32,,4989,,3.8,84,,,,
7/1/2016,84,new,EVP-661,11:55:35,12:13:53,2.52611E-05,1098,2.30064E-08,,,,,,,12 w,87.52,,4888,,5.8,67.5,,,,
7/1/2016,84,new,EVP-662,11:56:26,12:14:34,2.11867E-05,1088,1.94731E-08,,,,,,,6 w,93.76,,,,,,,,,
7/1/2016,84,new,EVP-663,11:57:31,12:15:20,2.68908E-05,1069,2.51551E-08,,,,,,,,,,,,,,,,,
7/2/2016,84,repeat,EVP-689,8:32:48,8:52:08,2.03718E-05,1160,1.75619E-08,1.78818E-08,,,,8:42 AM,0,12 w,87.52,88.56,,,,,,,,
7/2/2016,84,repeat,EVP-691,8:35:05,8:53:05,1.9557E-05,1080,1.81083E-08,,,,,,,14 w,85.44,,,,,,,,,
7/2/2016,84,repeat,EVP-692,8:36:08,8:53:55,1.71123E-05,1067,1.60378E-08,,,,,,,11 w,88.56,,,,,,,,,
7/2/2016,84,repeat,EVP-693,8:36:59,8:54:48,2.11867E-05,1069,1.98192E-08,,,,,,,7 w,92.72,,,,,,,,,
7/2/2016,89,new,EVP-694,9:17:10,9:32:59,1.3038E-05,949,1.37386E-08,1.51416E-08,170,7,na,9:44 AM,0,30 w,68.8,63.08,new,CoXa,4.55,"13,13,26",3.6,,N 15.16759,W 092.33952
7/2/2016,89,new,EVP-695,9:18:13,9:34:03,1.22231E-05,950,1.28664E-08,,,,,,,22 b,25.12,,5296,,4.3,90.5,,,,
7/2/2016,89,new,EVP-696,9:19:11,9:34:46,1.62975E-05,935,1.74304E-08,,,,,,,29 w,69.84,,new,CoXa,1.95,"16,18.5,16.5,12.5",,,,
7/2/2016,89,new,EVP-697,9:20:01,9:35:30,1.3038E-05,929,1.40344E-08,,,,,,,11 w,88.56,,,,,,,,,
7/2/2016,89,new,EVP-698,9:20:54,9:36:18,1.62975E-05,924,1.7638E-08,,,,,,,,,,,,,,,,,
7/2/2016,60,new,EVP-699,9:58:19,10:14:43,1.87421E-05,984,1.90468E-08,2.44633E-08,60,7,na,10:25 AM,0.3,24 w,75.04,74.78,[9?]007,,2.3,265,3.7,,N 15.16861,W 092.33905
7/2/2016,60,new,EVP-700,9:59:14,10:15:21,2.11867E-05,967,2.19097E-08,,,,,,,16 w,83.36,,4008,,1.2,"55,19.5,14.5,10,12.5,12,12.5,8",,,,
7/2/2016,60,new,EVP-701,10:00:12,10:16:02,2.52611E-05,950,2.65906E-08,,,,,,,25 w,74,,4128,,7.6,76,,,,
7/2/2016,60,new,EVP-702,10:01:02,10:16:46,2.03718E-05,944,2.15803E-08,,,,,,,32 w,66.72,,,,,,,,,
7/2/2016,60,new,EVP-703,10:02:01,10:17:34,3.09652E-05,933,3.31888E-08,,,,,,,,,,,,,,,,,
7/2/2016,61,new,EVP-704,10:49:14,11:04:55,5.1337E-05,941,5.45558E-08,5.12701E-08,122,7,na,11:11 AM,0.6,11 b,13.68,50.34,new,chalum,1.5,"28.5,20.5",3.233333333,Mountains visible,N 15.16861,W 092.33957
7/2/2016,61,new,EVP-705,10:50:16,11:05:34,4.72627E-05,918,5.14844E-08,,,,,,,22 w,77.12,,4136,,6.6,73.5,,,,
7/2/2016,61,new,EVP-706,10:51:14,11:06:16,4.80775E-05,902,5.3301E-08,,,,,,,26 w,72.96,,4120,,1.6,"10,67.5",,,,
7/2/2016,61,new,EVP-707,10:52:09,11:06:53,5.1337E-05,884,5.80736E-08,,,,,,,34 b,37.6,,,,,,,,,
7/2/2016,61,new,EVP-708,10:52:56,11:07:35,3.42247E-05,879,3.89359E-08,,,,,,,,,,,,,,,,,
7/2/2016,62,new,EVP-709,11:36:38,11:50:30,3.09652E-05,832,3.72178E-08,3.67577E-08,271,8,na,12:01 PM,0.6,37 b,40.72,51.64,3698,,2.1,32,4.4,Mountains visible,N 15.16836,W 092.34004
7/2/2016,62,new,EVP-710,11:37:27,11:50:59,2.93354E-05,812,3.61274E-08,,,,,,,15 w,84.4,,3895,,6.4,"36,57",,,,
7/2/2016,62,new,EVP-711,11:38:13,11:51:35,3.17801E-05,802,3.9626E-08,,,,,,,42 w,56.32,,1208,,4.7,190,,,,
7/2/2016,62,new,EVP-712,11:39:20,11:52:21,2.85206E-05,781,3.6518E-08,,,,,,,22 b,25.12,,,,,,,,,
7/2/2016,62,new,EVP-713,11:40:00,11:53:04,2.68908E-05,784,3.42995E-08,,,,,,,,,,,,,,,,,
7/3/2016,62,repeat,EVP-749,8:39:06,8:54:34,2.36313E-05,928,2.54648E-08,2.59142E-08,,,,8:48 AM,0,35 b,38.64,55.54,,,,,,,,
7/3/2016,62,repeat,EVP-750,8:39:59,8:55:24,2.44462E-05,925,2.64283E-08,,,,,,,14 w,85.44,,,,,,,,,
7/3/2016,62,repeat,EVP-751,8:40:46,8:56:08,2.52611E-05,922,2.73981E-08,,,,,,,34 w,64.64,,,,,,,,,
7/3/2016,62,repeat,EVP-752,8:41:34,8:56:44,2.36313E-05,910,2.59685E-08,,,,,,,30 b,33.44,,,,,,,,,
7/3/2016,62,repeat,EVP-753,8:42:21,8:57:26,2.20016E-05,905,2.43111E-08,,,,,,,,,,,,,,,,,
7/3/2016,63,new,EVP-754,9:11:46,9:30:36,2.28165E-05,1130,2.01916E-08,2.17768E-08,249,1,na,9:39 AM,0.4,5 w,94.8,87,4078,,0.8,57,2.033333333,,N 15.16828,W 092.34051
7/3/2016,63,new,EVP-755,9:12:38,9:31:11,2.44462E-05,1113,2.19642E-08,,,,,,,30 w,68.8,,3987,,2.1,"75.5,12,11.5",,,,
7/3/2016,63,new,EVP-756,9:13:17,9:31:51,2.60759E-05,1114,2.34075E-08,,,,,,,12 w,87.52,,new,CoXa,3.2,18,,,,
7/3/2016,63,new,EVP-757,9:14:37,9:32:37,1.62975E-05,1080,1.50902E-08,,,,,,,3 w,96.88,,,,,,,,,
7/3/2016,63,new,EVP-758,9:15:28,9:33:16,3.01503E-05,1068,2.82306E-08,,,,,,,,,,,,,,,,,
7/3/2016,36,new,EVP-759,9:58:06,10:16:16,3.50396E-05,1090,3.21464E-08,3.36977E-08,111,4,na,10:13 AM,0.4,18 w,81.28,78.94,3099,,1.6,71.5,3.866666667,,N 15.16905,W 092.34111
7/3/2016,36,new,EVP-760,9:58:54,10:16:53,3.01503E-05,1079,2.79428E-08,,,,,,,40 w,58.4,,n2051,,4.8,31,,,,
7/3/2016,36,new,EVP-761,9:59:32,10:17:26,4.15585E-05,1074,3.86951E-08,,,,,,,20 w,79.2,,3097,,5.2,133.5,,,,
7/3/2016,36,new,EVP-762,10:00:12,10:18:08,3.91139E-05,1076,3.63512E-08,,,,,,,3 w,96.88,,,,,,,,,
7/3/2016,36,new,EVP-763,10:00:50,10:18:45,3.58544E-05,1075,3.3353E-08,,,,,,,,,,,,,,,,,
7/3/2016,35,new,EVP-764,10:35:27,10:51:03,2.03718E-05,936,2.17648E-08,2.30681E-08,223,6,na,10:57 AM,0.4,12 w,87.52,79.98,3166,,4.6,78.5,4.283333333,,N 15.16912,W 092.34057
7/3/2016,35,new,EVP-765,10:36:10,10:51:36,2.11867E-05,926,2.28798E-08,,,,,,,35 w,63.6,,3168,,3.5,"34,47,56.5",,,,
7/3/2016,35,new,EVP-766,10:36:50,10:52:15,2.03718E-05,925,2.20236E-08,,,,,,,16 w,83.36,,3130,,4.75,104.5,,,,
7/3/2016,35,new,EVP-767,10:37:27,10:52:50,2.03718E-05,923,2.20713E-08,,,,,,,14 w,85.44,,,,,,,,,
7/3/2016,35,new,EVP-768,10:38:09,10:53:28,2.44462E-05,919,2.66009E-08,,,,,,,,,,,,,,,,,
7/4/2016,63,repeat,EVP-799,8:35:13,8:49:58,1.3038E-05,885,1.47322E-08,1.46036E-08,,,,8:46 AM,0,2 w,97.92,91.16,,,,,,,,
7/4/2016,63,repeat,EVP-800,8:36:35,8:50:36,1.14082E-05,841,1.35651E-08,,,,,,,24 w,75.04,,,,,,,,,
7/4/2016,63,repeat,EVP-801,8:37:35,8:51:21,1.05934E-05,826,1.28249E-08,,,,,,,5 w,94.8,,,,,,,,,
7/4/2016,63,repeat,EVP-802,8:38:36,8:52:14,1.38528E-05,818,1.6935E-08,,,,,,,3 w,96.88,,,,,,,,,
7/4/2016,63,repeat,EVP-803,8:39:25,8:53:02,1.22231E-05,817,1.4961E-08,,,,,,,,,,,,,,,,,
7/4/2016,82,new,EVP-804,9:02:40,9:17:10,1.87421E-05,870,2.15426E-08,2.28825E-08,289,10,na,9:25 AM,0,29 w,69.84,54.24,4633,,4.3,"24,53",3.666666667,,N 15.16778,W 092.34042
7/4/2016,82,new,EVP-805,9:03:41,9:17:14,2.03718E-05,813,2.50576E-08,,,,,,,13 w,86.48,,4632,,4.9,87,,,,
7/4/2016,82,new,EVP-806,9:04:43,9:18:44,1.79272E-05,841,2.13165E-08,,,,,,,10 b,12.64,,4630,,1.8,76,,,,
7/4/2016,82,new,EVP-807,9:05:34,9:19:32,1.79272E-05,838,2.13929E-08,,,,,,,44 b,48,,,,,,,,,
7/4/2016,82,new,EVP-808,9:06:29,9:20:33,2.11867E-05,844,2.51027E-08,,,,,,,,,,,,,,,,,
7/4/2016,83,new,EVP-809,9:41:33,9:56:20,4.64478E-05,887,5.2365E-08,4.14614E-08,161,6,na,10:03 AM,0,8 w,91.68,88.04,4739,,4,"76,62,27.5,15.5,22.5",2.833333333,,N 15.16791,W 092.33999
7/4/2016,83,new,EVP-810,9:42:23,9:56:53,3.74842E-05,870,4.30853E-08,,,,,,,13 w,86.48,,4647,,3.3,"7.5,11.5,12,10,14,21",,,,
7/4/2016,83,new,EVP-811,9:43:19,9:57:31,3.42247E-05,852,4.01698E-08,,,,,,,7 w,92.72,,n2094,,1.2,45.5,,,,
7/4/2016,83,new,EVP-812,9:44:20,9:58:20,3.09652E-05,840,3.68633E-08,,,,,,,18 w,81.28,,,,,,,,,
7/4/2016,83,new,EVP-813,9:45:23,9:59:02,2.85206E-05,819,3.48236E-08,,,,,,,,,,,,,,,,,
7/4/2016,90,new,EVP-814,10:50:43,11:05:30,3.8299E-05,887,4.31782E-08,4.38323E-08,167,8,na,11:15 AM,0,34 w,64.64,75.04,5078,,1.5,190,4.666666667,,N 15.16756,W 092.33994
7/4/2016,90,new,EVP-815,10:51:24,11:06:05,3.91139E-05,881,4.43972E-08,,,,,,,20 w,79.2,,5077,,4.9,235,,,,
7/4/2016,90,new,EVP-816,10:52:11,11:06:42,3.66693E-05,871,4.21002E-08,,,,,,,23 w,76.08,,5076,,7.6,"33.5,64",,,,
7/4/2016,90,new,EVP-817,10:53:00,11:07:15,3.91139E-05,855,4.57473E-08,,,,,,,19 w,80.24,,,,,,,,,
7/4/2016,90,new,EVP-818,10:53:48,11:08:05,3.74842E-05,857,4.37388E-08,,,,,,,,,,,,,,,,,
7/9/2016,90,repeat,EVP-939,9:35:41,9:51:02,1.3038E-05,921,1.41563E-08,1.28632E-08,,,,9:42 AM,0,,,,,,,,,,,
7/9/2016,90,repeat,EVP-940,9:36:17,9:51:39,8.96361E-06,922,9.72192E-09,,,,,,,,,,,,,,,,,
7/9/2016,90,repeat,EVP-941,9:37:16,9:52:19,1.22231E-05,903,1.35361E-08,,,,,,,,,,,,,,,,,
7/9/2016,90,repeat,EVP-942,9:38:00,9:53:12,1.3038E-05,912,1.4296E-08,,,,,,,,,,,,,,,,,
7/9/2016,90,repeat,EVP-943,9:38:48,9:53:53,1.14082E-05,905,1.26058E-08,,,,,,,,,,,,,,,,,
7/9/2016,111,new,EVP-944,10:02:12,10:17:49,2.20016E-05,937,2.34809E-08,2.67681E-08,48,0,na,10:27 AM,0,31 b,34.48,43.58,can't find,CoXa,7.6,"29.5,9,29,26.5",6.166666667,,N 15.16702,W 092.33983
7/9/2016,111,new,EVP-945,10:02:51,10:18:23,2.36313E-05,932,2.53555E-08,,,,,,,51 w,46.96,,6044,,3.9,210,,,,
7/9/2016,111,new,EVP-946,10:03:55,10:19:37,2.36313E-05,942,2.50863E-08,,,,,,,27 b,30.32,,new,CoXa,7,28,,,,
7/9/2016,111,new,EVP-947,10:04:42,10:20:12,2.93354E-05,930,3.15435E-08,,,,,,,36 w,62.56,,,,,,,,,
7/9/2016,111,new,EVP-948,10:05:29,10:20:48,2.60759E-05,919,2.83743E-08,,,,,,,,,,,,,,,,,
7/9/2016,125,new,EVP-949,10:38:31,10:54:16,2.11867E-05,945,2.24198E-08,1.84648E-08,98,8,na,11:01 AM,0.5,3 w,96.88,86.48,nn472,,2.4,"40,46",2.2,,N 15.16664,W 092.33976
7/9/2016,125,new,EVP-950,10:39:14,10:55:02,1.9557E-05,948,2.06297E-08,,,,,,,9 w,90.64,,6601,,1.6,na,,can't measure GBH,,
7/9/2016,125,new,EVP-951,10:39:55,10:55:55,1.87421E-05,960,1.9523E-08,,,,,,,19 w,80.24,,6602,,2.6,68.5,,,,
7/9/2016,125,new,EVP-952,10:41:07,10:56:40,1.54826E-05,933,1.65944E-08,,,,,,,21 w,78.16,,,,,,,,,
7/9/2016,125,new,EVP-953,10:41:50,10:57:19,1.22231E-05,929,1.31573E-08,,,,,,,,,,,,,,,,,
7/9/2016,124,new,EVP-954,11:11:13,11:26:49,8.14873E-06,936,8.70591E-09,7.4454E-09,159,5,na,11:33 AM,0,5 w,94.8,92.98,6573,,2.8,70,2.9,started raining at 11:35am,N 15.16646,W 092.34018
7/9/2016,124,new,EVP-955,11:11:56,11:27:26,4.88924E-06,930,5.25725E-09,,,,,,,7 w,92.72,,6571,,4.1,420,,,,
7/9/2016,124,new,EVP-956,11:12:50,11:28:05,7.33386E-06,915,8.01515E-09,,,,,,,9 w,90.64,,6572,,1.8,99,,,,
7/9/2016,124,new,EVP-957,11:13:36,11:28:48,5.70411E-06,912,6.25451E-09,,,,,,,6 w,93.76,,,,,,,,,
7/9/2016,124,new,EVP-958,11:14:17,11:29:23,8.14873E-06,906,8.99419E-09,,,,,,,,,,,,,,,,,
7/11/2016,123,new,EVP-989,8:35:11,8:53:59,2.44462E-05,1128,2.16722E-08,2.01056E-08,242,5,na,8:50 AM,0,4 w,95.84,91.94,6480,,1,"20,18,16.5,130,13",4.1,,N 15.16645,W 092.34078
7/11/2016,123,new,EVP-990,8:35:53,8:54:33,2.11867E-05,1120,1.89167E-08,,,,,,,5 w,94.8,,new,chalum,2.8,"18.5,21,10",,,,
7/11/2016,123,new,EVP-991,8:36:55,8:55:04,2.11867E-05,1089,1.94552E-08,,,,,,,3 w,96.88,,6[5?]30,,8.5,102.5,,,,
7/11/2016,123,new,EVP-992,8:37:32,8:55:41,2.11867E-05,1089,1.94552E-08,,,,,,,19 w,80.24,,,,,,,,,
7/11/2016,123,new,EVP-993,8:38:16,8:56:21,2.28165E-05,1085,2.1029E-08,,,,,,,,,,,,,,,,,
7/11/2016,124,repeat,EVP-994,9:22:24,9:37:55,2.44462E-05,931,2.6258E-08,2.32173E-08,,,,9:29 AM,0,,,,,,,,,,,
7/11/2016,124,repeat,EVP-995,9:23:10,9:38:31,2.20016E-05,921,2.38888E-08,,,,,,,,,,,,,,,,,
7/11/2016,124,repeat,EVP-996,9:23:45,9:39:08,1.87421E-05,923,2.03056E-08,,,,,,,,,,,,,,,,,
7/11/2016,124,repeat,EVP-997,9:24:28,9:39:42,2.20016E-05,914,2.40717E-08,,,,,,,,,,,,,,,,,
7/11/2016,124,repeat,EVP-998,9:25:07,9:40:14,1.9557E-05,907,2.15622E-08,,,,,,,,,,,,,,,,,
7/11/2016,122,new,EVP-999,10:01:13,10:20:05,1.54826E-05,1132,1.36772E-08,1.51041E-08,100,4,na,10:17 AM,0,2 w,97.92,91.16,new,"palo de agua, pachira aguatica",4.4,"17.5,11.5,16,15.5,15",2.866666667,,N 15.16637,W 092.34123
7/11/2016,122,new,EVP-1000,10:01:52,10:20:34,1.79272E-05,1122,1.59779E-08,,,,,,,10 w,89.6,,6544,,1.5,"23,76",,,,
7/11/2016,122,new,EVP-1001,10:02:35,10:21:05,1.54826E-05,1110,1.39483E-08,,,,,,,19 w,80.24,,new,secropia,2.7,"88,42",,,,
7/11/2016,122,new,EVP-1002,10:03:18,10:21:42,1.54826E-05,1104,1.40241E-08,,,,,,,3 w,96.88,,,,,,,,,
7/11/2016,122,new,EVP-1003,10:04:01,10:22:14,1.9557E-05,1093,1.78929E-08,,,,,,,,,,,,,,,,,
7/11/2016,107,new,EVP-1004,10:37:49,10:54:30,4.40032E-05,1001,4.39592E-08,4.39993E-08,138,6,na,10:51 AM,0.7,48 w,50.08,60.74,nn470,,1.9,48,4.233333333,"right by road, flat area",N 15.16687,W 092.34151
7/11/2016,107,new,EVP-1005,10:38:28,10:55:00,4.40032E-05,992,4.4358E-08,,,,,,,23 w,76.08,,n447,,4.5,91.5,,,,
7/11/2016,107,new,EVP-1006,10:39:16,10:55:27,4.31883E-05,971,4.44782E-08,,,,,,,23 w,76.08,,5803,,6.3,"60,49",,,,
7/11/2016,107,new,EVP-1007,10:39:52,10:55:56,4.23734E-05,964,4.39558E-08,,,,,,,37 b,40.72,,,,,,,,,
7/11/2016,107,new,EVP-1008,10:40:31,10:56:32,4.15585E-05,961,4.32451E-08,,,,,,,,,,,,,,,,,
7/11/2016,108,new,EVP-1009,11:10:41,11:27:25,2.52611E-05,1004,2.51604E-08,2.67838E-08,156,5,na,11:33 AM,0.5,3 w,96.88,90.64,n449,,1.6,77,2.433333333,,N 15.16689,W 092.34130
7/11/2016,108,new,EVP-1010,11:11:16,11:27:54,2.36313E-05,998,2.36787E-08,,,,,,,13 w,86.48,,5773,,0.8,"53,48.5",,,,
7/11/2016,108,new,EVP-1011,11:11:56,11:28:23,2.77057E-05,987,2.80706E-08,,,,,,,14 w,85.44,,57[?]2,,4.9,"39,84.5",,,,
7/11/2016,108,new,EVP-1012,11:12:36,11:28:53,2.77057E-05,977,2.83579E-08,,,,,,,6 w,93.76,,,,,,,,,
7/11/2016,108,new,EVP-1013,11:13:15,11:29:22,2.77057E-05,967,2.86512E-08,,,,,,,,,,,,,,,,,
7/12/2016,91,new,EVP-1050,8:37:54,8:54:46,1.38528E-05,1012,1.36886E-08,1.35565E-08,212,10,na,9:01 AM,0,37 w,61.52,40.46,5276,,3.8,98.5,3.6,,N 15.16739,W 092.34039
7/12/2016,91,new,EVP-1051,8:38:45,8:55:37,1.38528E-05,1012,1.36886E-08,,,,,,,60 w,37.6,,5274,,4.2,50,,,,
7/12/2016,91,new,EVP-1052,8:39:44,8:56:13,1.3038E-05,989,1.3183E-08,,,,,,,70 w,27.2,,new,CoXa,2.8,"19.5,17",,,,
7/12/2016,91,new,EVP-1053,8:40:29,8:56:59,1.22231E-05,990,1.23466E-08,,,,,,,62 w,35.52,,,,,,,,,
7/12/2016,91,new,EVP-1054,8:41:27,8:57:53,1.46677E-05,986,1.4876E-08,,,,,,,,,,,,,,,,,
7/12/2016,92,new,EVP-1055,9:20:09,9:35:39,1.3038E-05,930,1.40193E-08,1.15465E-08,225,7,na,9:42 AM,0.4,15 w,84.4,77.12,n2109,,5,66,4.533333333,,N 15.16734,W 092.34084
7/12/2016,92,new,EVP-1056,9:20:56,9:36:20,1.14082E-05,924,1.23466E-08,,,,,,,23 w,76.08,,5267,,2,82.5,,,,
7/12/2016,92,new,EVP-1057,9:21:49,9:37:07,1.05934E-05,918,1.15396E-08,,,,,,,21 w,78.16,,5266,,6.6,"99,23,14.5",,,,
7/12/2016,92,new,EVP-1058,9:22:42,9:37:44,8.14873E-06,902,9.03407E-09,,,,,,,29 w,69.84,,,,,,,,,
7/12/2016,92,new,EVP-1059,9:23:29,9:38:35,9.77848E-06,906,1.0793E-08,,,,,,,,,,,,,,,,,
7/12/2016,93,new,EVP-1060,10:00:01,10:16:56,1.54826E-05,1015,1.52538E-08,1.53472E-08,117,6,na,10:23 AM,0.5,27 w,71.92,83.88,5039,,3.3,2.6,4.4,,N 15.16730,W 092.34126
7/12/2016,93,new,EVP-1061,10:00:54,10:17:31,1.54826E-05,997,1.55292E-08,,,,,,,21 w,78.16,,n2382,,4.6,44.5,,,,
7/12/2016,93,new,EVP-1062,10:01:39,10:18:13,1.62975E-05,994,1.63958E-08,,,,,,,5 w,94.8,,nn356,,5.3,62.5,,,,
7/12/2016,93,new,EVP-1063,10:02:27,10:18:59,1.46677E-05,992,1.4786E-08,,,,,,,9 w,90.64,,,,,,,,,
7/12/2016,93,new,EVP-1064,10:03:09,10:19:42,1.46677E-05,993,1.47711E-08,,,,,,,,,,,,,,,,,
7/12/2016,108,repeat,EVP-1065,10:32:10,10:48:13,1.38528E-05,963,1.43851E-08,1.64768E-08,,,,10:39 AM,0,,,,,,,,,,,
7/12/2016,108,repeat,EVP-1066,10:32:59,10:48:57,1.54826E-05,958,1.61614E-08,,,,,,,,,,,,,,,,,
7/12/2016,108,repeat,EVP-1067,10:33:46,10:49:43,1.54826E-05,957,1.61783E-08,,,,,,,,,,,,,,,,,
7/12/2016,108,repeat,EVP-1068,10:34:42,10:50:48,1.79272E-05,966,1.85582E-08,,,,,,,,,,,,,,,,,
7/12/2016,108,repeat,EVP-1069,10:35:33,10:51:26,1.62975E-05,953,1.71012E-08,,,,,,,,,,,,,,,,,
7/12/2016,109,new,EVP-1070,10:59:25,11:14:44,2.44462E-05,919,2.66009E-08,2.70086E-08,285,5,na,11:32 AM,0.4,8 b,10.56,21.74,can't find,canaco,7.1,"30,35,62",7.466666667,,N 15.16687,W 092.34090
7/12/2016,109,new,EVP-1071,11:00:16,11:15:30,2.36313E-05,914,2.58548E-08,,,,,,,36 w,62.56,,n4[?]0,,5.4,"27,7,9,10",,,,
7/12/2016,109,new,EVP-1072,11:01:11,11:16:17,2.36313E-05,906,2.60831E-08,,,,,,,9 b,11.6,,6014,,9.9,"36.5,41.5",,,,
7/12/2016,109,new,EVP-1073,11:02:01,11:17:14,2.60759E-05,913,2.85607E-08,,,,,,,0 b,2.24,,,,,,,,,
7/12/2016,109,new,EVP-1074,11:02:57,11:18:01,2.52611E-05,904,2.79437E-08,,,,,,,,,,,,,,,,,
7/12/2016,110,new,EVP-1075,11:45:14,12:03:26,1.87421E-05,1092,1.71631E-08,1.54622E-08,174,4,na,11:58 AM,0.4,9 w,90.64,91.16,5847,,1.1,57.5,1.3,,N 15.16702,W 092.34037
7/12/2016,110,new,EVP-1076,11:45:59,12:04:07,1.79272E-05,1088,1.64772E-08,,,,,,,15 w,84.4,,5848,,1.1,58,,,,
7/12/2016,110,new,EVP-1077,11:46:46,12:04:40,1.62975E-05,1074,1.51745E-08,,,,,,,2 w,97.92,,5850,,1.7,61,,,,
7/12/2016,110,new,EVP-1078,11:47:34,12:05:14,1.54826E-05,1060,1.46062E-08,,,,,,,8 w,91.68,,,,,,,,,
7/12/2016,110,new,EVP-1079,11:48:22,12:05:58,1.46677E-05,1056,1.38899E-08,,,,,,,,,,,,,,,,,
7/13/2016,80,new,EVP-1103,8:48:45,9:04:20,2.11867E-05,935,2.26596E-08,2.20651E-08,116,8,na,9:11 AM,0.4,46 b,50.08,63.08,new,CoXa,7.6,50.5,5.1,,N 15.16771,W 092.34132
7/13/2016,80,new,EVP-1104,8:49:33,9:04:57,1.79272E-05,924,1.94017E-08,,,,,,,57 w,40.72,,4928,,5.5,"98,10",,,,
7/13/2016,80,new,EVP-1105,8:50:20,9:05:33,2.20016E-05,913,2.40981E-08,,,,,,,28 w,70.88,,4613,,2.2,"77,11.5,14",,,,
7/13/2016,80,new,EVP-1106,8:51:13,9:06:21,2.03718E-05,908,2.24359E-08,,,,,,,9 w,90.64,,,,,,,,,
7/13/2016,80,new,EVP-1107,8:52:04,9:07:04,1.9557E-05,900,2.173E-08,,,,,,,,,,,,,,,,,
7/13/2016,81,new,EVP-1108,9:31:00,9:47:58,9.77848E-06,1018,9.60558E-09,9.87251E-09,196,5,na,9:54 AM,0,16 w,83.36,79.46,new,CoXa,0.95,22,1.966666667,,N 15.16781,W 092.34081
7/13/2016,81,new,EVP-1109,9:31:45,9:48:35,1.3038E-05,1010,1.29089E-08,,,,,,,18 w,81.28,,new,CoXa,1.55,"9,12,11.5,9.5",,,,
7/13/2016,81,new,EVP-1110,9:32:31,9:49:18,8.96361E-06,1007,8.9013E-09,,,,,,,21 w,78.16,,new,CoXa,3.4,"25,25,17,13,7",,,,
7/13/2016,81,new,EVP-1111,9:33:17,9:49:57,8.14873E-06,1000,8.14873E-09,,,,,,,24 w,75.04,,,,,,,,,
7/13/2016,81,new,EVP-1112,9:33:59,9:50:37,9.77848E-06,998,9.79808E-09,,,,,,,,,,,,,,,,,
7/13/2016,79,new,EVP-1113,10:10:47,10:30:16,2.44462E-05,1169,2.09121E-08,2.42895E-08,239,8,na,10:39 AM,0.5,33 w,65.68,64.9,4601,,1.6,138,5.266666667,,N 15.16770,W 092.34165
7/13/2016,79,new,EVP-1114,10:12:08,10:30:52,3.01503E-05,1124,2.68241E-08,,,,,,,37 w,61.52,,4495,,8.4,86.5,,,,
7/13/2016,79,new,EVP-1115,10:12:50,10:31:25,3.01503E-05,1115,2.70406E-08,,,,,,,34 w,64.64,,can't find,chalum,5.8,"30, 129.5",,,,
7/13/2016,79,new,EVP-1116,10:13:35,10:31:59,2.85206E-05,1104,2.58338E-08,,,,,,,31 w,67.76,,,,,,,,,
7/13/2016,79,new,EVP-1117,10:14:26,10:32:41,2.28165E-05,1095,2.08369E-08,,,,,,,,,,,,,,,,,
7/13/2016,94,new,EVP-1118,10:52:08,11:09:46,1.3038E-05,1058,1.23232E-08,1.2085E-08,265,4,na,11:19 AM,0.3,25 w,74,83.1,5242,,1.1,84,3.4,,N 15.16727,W 092.34167
7/13/2016,94,new,EVP-1119,10:53:28,11:10:43,1.14082E-05,1035,1.10224E-08,,,,,,,8 w,91.68,,5243,,4.7,156,,,,
7/13/2016,94,new,EVP-1120,10:54:29,11:11:41,1.87421E-05,1032,1.81609E-08,,,,,,,12 w,87.52,,5241,,4.4,150,,,,
7/13/2016,94,new,EVP-1121,10:55:18,11:12:33,1.14082E-05,1035,1.10224E-08,,,,,,,20 w,79.2,,,,,,,,,
7/13/2016,94,new,EVP-1122,10:56:13,11:13:25,8.14873E-06,1032,7.89606E-09,,,,,,,,,,,,,,,,,
7/13/2016,93,repeat,EVP-1123,11:29:10,11:45:24,1.05934E-05,974,1.08761E-08,1.04704E-08,,,,11:35 AM,0,,,,,,,,,,,
7/13/2016,93,repeat,EVP-1124,11:29:55,11:45:59,1.05934E-05,964,1.0989E-08,,,,,,,,,,,,,,,,,
7/13/2016,93,repeat,EVP-1125,11:30:36,11:46:43,1.05934E-05,967,1.09549E-08,,,,,,,,,,,,,,,,,
7/13/2016,93,repeat,EVP-1126,11:31:18,11:47:19,9.77848E-06,961,1.01753E-08,,,,,,,,,,,,,,,,,
7/13/2016,93,repeat,EVP-1127,11:31:57,11:47:55,8.96361E-06,958,9.35658E-09,,,,,,,,,,,,,,,,,
7/14/2016,79,repeat,EVP-1148,8:34:56,8:51:40,2.28165E-05,1004,2.27256E-08,2.48551E-08,,,,8:41 AM,0,,,,,,,,,,,
7/14/2016,79,repeat,EVP-1149,8:35:36,8:52:18,2.77057E-05,1002,2.76504E-08,,,,,,,,,,,,,,,,,
7/14/2016,79,repeat,EVP-1150,8:36:25,8:52:58,2.28165E-05,993,2.29773E-08,,,,,,,,,,,,,,,,,
7/14/2016,79,repeat,EVP-1151,8:37:17,8:53:36,2.60759E-05,979,2.66353E-08,,,,,,,,,,,,,,,,,
7/14/2016,79,repeat,EVP-1152,8:38:11,8:54:24,2.36313E-05,973,2.42871E-08,,,,,,,,,,,,,,,,,
7/14/2016,121,new,EVP-1153,9:11:52,9:27:16,3.25949E-05,924,3.52759E-08,2.84865E-08,42,2,na,9:34 AM,0.7,43 b,46.96,53.46,n525,,2.5,63,3.133333333,,N 15.16642,W 092.34155
7/14/2016,121,new,EVP-1154,9:13:17,9:27:57,1.9557E-05,880,2.22238E-08,,,,,,,27 w,71.92,,6462,,2.9,"33,113,10,38",,,,
7/14/2016,121,new,EVP-1155,9:14:12,9:28:34,2.60759E-05,862,3.02505E-08,,,,,,,30 b,33.44,,6463,,4,35.5,,,,
7/14/2016,121,new,EVP-1157,9:15:36,9:30:07,2.28165E-05,871,2.61957E-08,,,,,,,37 w,61.52,,,,,,,,,
7/14/2016,120,new,EVP-1158,9:48:14,10:06:08,4.80775E-05,1074,4.47649E-08,3.52713E-08,165,5,na,10:03 AM,0.4,24 w,75.04,66.72,nn45[?],,7,110,5.666666667,,N 15.16637,W 092.34196
7/14/2016,120,new,EVP-1159,9:48:57,10:06:42,3.25949E-05,1065,3.06056E-08,,,,,,,53 w,44.88,,n[?]487,,4.2,96.5,,,,
7/14/2016,120,new,EVP-1160,9:49:40,10:07:14,3.34098E-05,1054,3.16981E-08,,,,,,,38 w,60.48,,n486,,5.8,80,,,,
7/14/2016,120,new,EVP-1161,9:50:17,10:07:46,3.09652E-05,1049,2.95188E-08,,,,,,,13 w,86.48,,,,,,,,,
7/14/2016,120,new,EVP-1162,9:50:55,10:08:20,4.15585E-05,1045,3.97689E-08,,,,,,,,,,,,,,,,,
7/14/2016,119,new,EVP-1163,10:21:16,10:38:13,2.36313E-05,1017,2.32363E-08,2.30315E-08,214,1,na,10:48 AM,0.5,10 w,89.6,63.34,1991,,1.8,165,4.033333333,,N 15.16623,W 092.34232
7/14/2016,119,new,EVP-1164,10:22:20,10:39:05,2.20016E-05,1005,2.18921E-08,,,,,,,23 w,76.08,,new,CoXa,3.7,"13,11.5,17",,,,
7/14/2016,119,new,EVP-1165,10:23:15,10:39:49,2.68908E-05,994,2.70531E-08,,,,,,,35 w,63.6,,2063,,6.6,"83.5,12.5,13,8",,,,
7/14/2016,119,new,EVP-1166,10:24:15,10:40:27,2.44462E-05,972,2.51504E-08,,,,,,,21 b,24.08,,,,,,,,,
7/14/2016,119,new,EVP-1167,10:25:02,10:41:02,1.71123E-05,960,1.78254E-08,,,,,,,,,,,,,,,,,
7/14/2016,105,new,EVP-1168,10:59:14,11:15:21,2.93354E-05,967,3.03365E-08,3.61249E-08,277,4,na,11:21 AM,0.3,26 w,72.96,66.46,1584,,1.2,58.5,3.7,,N 15.16677,W 092.34238
7/14/2016,105,new,EVP-1169,10:59:54,11:16:03,3.09652E-05,969,3.19558E-08,,,,,,,45 w,53.2,,new,ixote,5.3,"46,95",,,,
7/14/2016,105,new,EVP-1170,11:00:35,11:16:42,3.01503E-05,967,3.11792E-08,,,,,,,27 w,71.92,,1665,,4.6,70,,,,
7/14/2016,105,new,EVP-1171,11:01:18,11:17:15,4.40032E-05,957,4.59803E-08,,,,,,,31 w,67.76,,,,,,,,,
7/14/2016,105,new,EVP-1172,11:02:03,11:17:53,3.91139E-05,950,4.11725E-08,,,,,,,,,,,,,,,,,
7/14/2016,106,new,EVP-1173,11:30:43,11:46:16,2.28165E-05,933,2.44549E-08,2.43704E-08,62,2,na,11:53 AM,0,43 w,55.28,70.62,5755,,1.9,121,4.9,,N 15.16684,W 092.34200
7/14/2016,106,new,EVP-1174,11:31:38,11:46:54,2.03718E-05,916,2.224E-08,,,,,,,17 w,82.32,,5754,,5.4,58,,,,
7/14/2016,106,new,EVP-1175,11:32:28,11:47:37,2.11867E-05,909,2.33077E-08,,,,,,,28 w,70.88,,5756,,7.4,156.5,,,,
7/14/2016,106,new,EVP-1176,11:33:14,11:48:12,2.11867E-05,898,2.35932E-08,,,,,,,25 w,74,,,,,,,,,
7/14/2016,106,new,EVP-1177,11:33:55,11:48:49,2.52611E-05,894,2.82562E-08,,,,,,,,,,,,,,,,,
7/15/2016,106,repeat,EVP-1208,8:24:35,8:40:07,1.9557E-05,932,2.09839E-08,2.19714E-08,,,,8:33 AM,0,,,,,,,,,,,
7/15/2016,106,repeat,EVP-1209,8:25:27,8:40:47,2.11867E-05,920,2.3029E-08,,,,,,,,,,,,,,,,,
7/15/2016,106,repeat,EVP-1211,8:26:53,8:41:31,1.71123E-05,878,1.94901E-08,,,,,,,,,,,,,,,,,
7/15/2016,106,repeat,EVP-1212,8:27:53,8:42:15,1.79272E-05,862,2.07972E-08,,,,,,,,,,,,,,,,,
7/15/2016,106,repeat,EVP-1213,8:29:01,8:42:50,2.11867E-05,829,2.55569E-08,,,,,,,,,,,,,,,,,
7/15/2016,95,new,EVP-1214,8:50:04,9:06:01,1.62975E-05,957,1.70297E-08,1.33965E-08,121,5,na,9:13 AM,0,27 w,71.92,76.34,5235,,2.3,"90,56,60",3.516666667,,N 15.16722,W 092.34203
7/15/2016,95,new,EVP-1215,8:50:45,9:06:38,1.38528E-05,953,1.4536E-08,,,,,,,11 w,88.56,,5233,,2.4,96,,,,
7/15/2016,95,new,EVP-1216,8:51:37,9:07:31,1.05934E-05,954,1.11041E-08,,,,,,,20 w,79.2,,new,CoXa,5.85,28,,,,
7/15/2016,95,new,EVP-1217,8:52:24,9:08:09,1.14082E-05,945,1.20722E-08,,,,,,,33 w,65.68,,,,,,,,,
7/15/2016,95,new,EVP-1218,8:53:12,9:08:44,1.14082E-05,932,1.22406E-08,,,,,,,,,,,,,,,,,
7/15/2016,78,new,EVP-1219,9:22:47,9:39:17,2.03718E-05,990,2.05776E-08,1.99694E-08,20,4,na,9:49 AM,0.6,43 w,55.28,55.02,can't find,chalum,6.3,190,4.466666667,,N 15.16764,W 092.34219
7/15/2016,78,new,EVP-1220,9:23:30,9:39:52,1.87421E-05,982,1.90856E-08,,,,,,,33 w,65.68,,4589,,1,95,,,,
7/15/2016,78,new,EVP-1221,9:24:05,9:40:26,2.11867E-05,981,2.1597E-08,,,,,,,38 b,41.76,,n48,,6.1,75,,,,
7/15/2016,78,new,EVP-1222,9:24:43,9:40:56,1.79272E-05,973,1.84247E-08,,,,,,,41 w,57.36,,,,,,,,,
7/15/2016,78,new,EVP-1223,9:25:23,9:41:33,1.9557E-05,970,2.01618E-08,,,,,,,,,,,,,,,,,
7/15/2016,27,new,EVP-1224,10:20:03,10:35:21,1.87421E-05,918,2.04162E-08,2.13154E-08,238,15,na,10:41 AM,0.5,22 w,77.12,78.42,new,CoXa,4.4,28.5,3.533333333,,N 15.16969,W 092.34023
7/15/2016,27,new,EVP-1225,10:20:39,10:35:56,1.9557E-05,917,2.13271E-08,,,,,,,16 w,83.36,,2261,,1.6,111.5,,,,
7/15/2016,27,new,EVP-1226,10:21:24,10:36:36,1.9557E-05,912,2.1444E-08,,,,,,,24 w,75.04,,new,sope,4.6,41.5,,,,
7/15/2016,27,new,EVP-1227,10:22:03,10:37:11,1.9557E-05,908,2.15385E-08,,,,,,,21 w,78.16,,,,,,,,,
7/15/2016,27,new,EVP-1228,10:22:50,10:37:45,1.9557E-05,895,2.18514E-08,,,,,,,,,,,,,,,,,
7/18/2016,12,new,EVP-1259,8:33:03,8:48:27,2.28165E-05,924,2.46931E-08,2.6764E-08,242,12,na,8:55 AM,0,14 w,85.44,76.86,1739,,3.45,325,3.616666667,,N 15.17002,W 092.34030
7/18/2016,12,new,EVP-1260,8:34:01,8:49:23,2.44462E-05,922,2.65143E-08,,,,,,,25 w,74,,1738,,1.1,115,,,,
7/18/2016,12,new,EVP-1261,8:34:52,8:50:08,2.44462E-05,916,2.6688E-08,,,,,,,20 w,79.2,,1751,,6.3,173,,,,
7/18/2016,12,new,EVP-1262,8:35:57,8:50:53,2.44462E-05,896,2.72837E-08,,,,,,,30 w,68.8,,,,,,,,,
7/18/2016,12,new,EVP-1263,8:36:49,8:51:31,2.52611E-05,882,2.86407E-08,,,,,,,,,,,,,,,,,
7/18/2016,27,repeat,EVP-1264,9:04:23,9:20:29,2.03718E-05,966,2.10889E-08,1.93906E-08,,,,9:12 AM,0,,,,,,,,,,,
7/18/2016,27,repeat,EVP-1265,9:05:22,9:21:14,1.87421E-05,952,1.96871E-08,,,,,,,,,,,,,,,,,
7/18/2016,27,repeat,EVP-1266,9:06:26,9:22:05,1.62975E-05,939,1.73562E-08,,,,,,,,,,,,,,,,,
7/18/2016,27,repeat,EVP-1267,9:07:22,9:22:53,2.03718E-05,931,2.18817E-08,,,,,,,,,,,,,,,,,
7/18/2016,27,repeat,EVP-1268,9:08:22,9:23:36,1.54826E-05,914,1.69394E-08,,,,,,,,,,,,,,,,,
7/18/2016,11,new,EVP-1269,9:36:14,9:53:24,3.42247E-05,1030,3.32278E-08,3.78497E-08,27,18,na,10:05 AM,0,29 b,32.4,66.46,1485,,9.6,390,9.966666667,,N 15.17034,W 092.34006
7/18/2016,11,new,EVP-1270,9:37:03,9:54:04,4.40032E-05,1021,4.30981E-08,,,,,,,36 w,62.56,,1570,,12.5,107,,,,
7/18/2016,11,new,EVP-1271,9:37:54,9:54:54,4.97073E-05,1020,4.87326E-08,,,,,,,7 w,92.72,,new,chiche,7.8,36.5,,,,
7/18/2016,11,new,EVP-1272,9:39:24,9:55:41,3.17801E-05,977,3.25282E-08,,,,,,,21 w,78.16,,,,,,,,,
7/18/2016,11,new,EVP-1273,9:40:14,9:56:32,3.09652E-05,978,3.16617E-08,,,,,,,,,,,,,,,,,
7/18/2016,6,new,EVP-1274,10:17:40,10:33:49,3.17801E-05,969,3.27968E-08,3.31078E-08,97,13,na,10:40 AM,0.3,18 w,81.28,85.44,873,,1.1,118,5.583333333,,N 15.17056,W 092.33997
7/18/2016,6,new,EVP-1275,10:18:38,10:34:33,3.01503E-05,955,3.1571E-08,,,,,,,18 w,81.28,,874,,7.45,61.5,,,,
7/18/2016,6,new,EVP-1276,10:19:24,10:35:22,3.17801E-05,958,3.31733E-08,,,,,,,10 w,89.6,,1079,,8.2,95,,,,
7/18/2016,6,new,EVP-1277,10:20:05,10:36:03,3.01503E-05,958,3.14721E-08,,,,,,,10 w,89.6,,,,,,,,,
7/18/2016,6,new,EVP-1278,10:21:01,10:36:38,3.42247E-05,937,3.65258E-08,,,,,,,,,,,,,,,,,
7/18/2016,7,new,EVP-1279,10:50:06,11:05:40,3.01503E-05,934,3.22808E-08,3.47822E-08,169,14,na,11:12 AM,0.7,20 w,79.2,80.5,1073,,5.5,245,3.166666667,,N 15.17071,W 092.33947
7/18/2016,7,new,EVP-1280,10:50:46,11:06:21,3.34098E-05,935,3.57324E-08,,,,,,,5 w,94.8,,1059,,1.4,143,,,,
7/18/2016,7,new,EVP-1281,10:51:27,11:06:59,2.85206E-05,932,3.06015E-08,,,,,,,31 w,67.76,,1075,,2.6,90.5,,,,
7/18/2016,7,new,EVP-1282,10:52:13,11:07:39,3.42247E-05,926,3.69597E-08,,,,,,,19 w,80.24,,,,,,,,,
7/18/2016,7,new,EVP-1283,10:52:57,11:08:11,3.50396E-05,914,3.83365E-08,,,,,,,,,,,,,,,,,
7/18/2016,8,new,EVP-1284,11:25:24,11:41:52,3.25949E-05,988,3.29908E-08,4.27354E-08,243,9,na,11:48 AM,0.3,15 w,84.4,69.32,756,,1.9,715,5.233333333,,N 15.17088,W 092.33902
7/18/2016,8,new,EVP-1285,11:26:15,11:42:34,4.64478E-05,979,4.74441E-08,,,,,,,31 w,67.76,,can't find,chalum,7.7,53,,,,
7/18/2016,8,new,EVP-1286,11:26:50,11:43:07,4.88924E-05,977,5.00434E-08,,,,,,,44 w,54.24,,can't find,ficus (growing on chalum stump),6.1,102,,,,
7/18/2016,8,new,EVP-1287,11:27:41,11:43:44,4.40032E-05,963,4.56938E-08,,,,,,,28 w,70.88,,,,,,,,,
7/18/2016,8,new,EVP-1288,11:28:20,11:44:16,3.58544E-05,956,3.75046E-08,,,,,,,,,,,,,,,,,
7/19/2016,8,repeat,EVP-1319,8:40:19,8:56:46,1.14082E-05,987,1.15585E-08,1.30611E-08,,,,8:47 AM,0.3,,,,,,,,,,,
7/19/2016,8,repeat,EVP-1320,8:41:14,8:57:30,1.38528E-05,976,1.41935E-08,,,,,,,,,,,,,,,,,
7/19/2016,8,repeat,EVP-1321,8:42:02,8:58:12,1.38528E-05,970,1.42813E-08,,,,,,,,,,,,,,,,,
7/19/2016,8,repeat,EVP-1322,8:43:03,8:59:15,1.3038E-05,972,1.34136E-08,,,,,,,,,,,,,,,,,
7/19/2016,8,repeat,EVP-1323,8:43:47,8:59:49,1.14082E-05,962,1.18589E-08,,,,,,,,,,,,,,,,,
7/19/2016,9,new,EVP-1324,9:10:55,9:26:40,1.46677E-05,945,1.55214E-08,1.48837E-08,230,16,na,9:35 AM,0.3,31 w,67.76,69.58,n142,,1.75,80,20.08333333,,N 15.17043,W 092.33895
7/19/2016,9,new,EVP-1325,9:11:39,9:27:11,1.38528E-05,932,1.48636E-08,,,,,,,17 w,82.32,,new,chalum,56,40,,,,
7/19/2016,9,new,EVP-1326,9:12:41,9:27:55,1.38528E-05,914,1.51563E-08,,,,,,,24 w,75.04,,n145,,2.5,90,,,,
7/19/2016,9,new,EVP-1327,9:13:24,9:28:29,1.3038E-05,905,1.44066E-08,,,,,,,45 w,53.2,,,,,,,,,
7/19/2016,9,new,EVP-1328,9:14:09,9:29:10,1.3038E-05,901,1.44706E-08,,,,,,,,,,,,,,,,,
7/19/2016,30,new,EVP-1329,9:52:03,10:07:50,1.22231E-05,947,1.29072E-08,1.35201E-08,297,18,na,10:15 AM,0.3,19 w,80.24,83.36,2335,,1.9,"41.5,30.5",3.316666667,,N 15.16980,W 092.33886
7/19/2016,30,new,EVP-1330,9:52:50,10:08:39,1.46677E-05,949,1.5456E-08,,,,,,,11 w,88.56,,n272,,2.75,53,,,,
7/19/2016,30,new,EVP-1331,9:53:46,10:09:18,1.3038E-05,932,1.39892E-08,,,,,,,16 w,83.36,,n273,,5.3,58,,,,
7/19/2016,30,new,EVP-1332,9:54:42,10:10:17,1.22231E-05,935,1.30728E-08,,,,,,,18 w,81.28,,,,,,,,,
7/19/2016,30,new,EVP-1333,9:55:28,10:11:05,1.14082E-05,937,1.21753E-08,,,,,,,,,,,,,,,,,
7/19/2016,29,new,EVP-1334,10:38:53,10:54:31,2.44462E-05,938,2.6062E-08,2.56261E-08,95,14,na,11:05 AM,0,50 w,48,49.82,n168,,5.4,85,4.7,,N 15.16995,W 092.33926
7/19/2016,29,new,EVP-1335,10:39:47,10:55:05,2.36313E-05,918,2.57422E-08,,,,,,,23 b,26.16,,new,guanabana,3.5,22.5,,,,
7/19/2016,29,new,EVP-1336,10:40:38,10:55:47,2.52611E-05,909,2.779E-08,,,,,,,53 b,57.36,,n196,,5.2,58.5,,,,
7/19/2016,29,new,EVP-1337,10:41:27,10:56:24,2.11867E-05,897,2.36195E-08,,,,,,,31 w,67.76,,,,,,,,,
7/19/2016,29,new,EVP-1338,10:42:14,10:56:57,2.20016E-05,883,2.49169E-08,,,,,,,,,,,,,,,,,
7/19/2016,31,new,EVP-1339,11:20:33,11:36:05,2.36313E-05,932,2.53555E-08,2.74512E-08,181,18,na,11:42 AM,0.5,20 w,79.2,75.56,n310,,0.55,64.5,2.35,,N 15.16947,W 092.33874
7/19/2016,31,new,EVP-1340,11:21:40,11:36:56,2.44462E-05,916,2.6688E-08,,,,,,,17 w,82.32,,nn229,,4.7,51,,,,
7/19/2016,31,new,EVP-1341,11:22:26,11:37:36,2.77057E-05,910,3.04458E-08,,,,,,,21 w,78.16,,2934,,1.8,71,,,,
7/19/2016,31,new,EVP-1342,11:23:10,11:38:20,2.60759E-05,910,2.86549E-08,,,,,,,36 w,62.56,,,,,,,,,
7/19/2016,31,new,EVP-1343,11:23:52,11:38:57,2.36313E-05,905,2.6112E-08,,,,,,,,,,,,,,,,,
7/20/2016,28,new,EVP-1374,8:42:38,8:59:13,1.54826E-05,995,1.55604E-08,1.56418E-08,131,21,na,9:09 AM,0,13 w,86.48,87.52,2358,,1.5,"51,60.5",3.866666667,,N 15.16977,W 092.33977
7/20/2016,28,new,EVP-1375,8:43:20,8:59:49,1.46677E-05,989,1.48309E-08,,,,,,,5 w,94.8,,new,chiche,5,33.5,,,,
7/20/2016,28,new,EVP-1376,8:43:58,9:00:45,1.22231E-05,1007,1.21381E-08,,,,,,,18 w,81.28,,2303,,5.1,"58.5,70,59,95",,,,
7/20/2016,28,new,EVP-1377,8:44:38,9:01:25,1.71123E-05,1007,1.69934E-08,,,,,,,12 w,87.52,,,,,,,,,
7/20/2016,28,new,EVP-1378,8:45:21,9:02:04,1.87421E-05,1003,1.8686E-08,,,,,,,,,,,,,,,,,
7/20/2016,29,repeat,EVP-1379,9:17:13,9:33:00,1.14082E-05,947,1.20467E-08,1.04798E-08,,,,9:24 AM,0,,,,,,,,,,,
7/20/2016,29,repeat,EVP-1380,9:17:53,9:33:36,9.77848E-06,943,1.03695E-08,,,,,,,,,,,,,,,,,
7/20/2016,29,repeat,EVP-1381,9:18:42,9:35:22,1.14082E-05,1000,1.14082E-08,,,,,,,,,,,,,,,,,
7/20/2016,29,repeat,EVP-1382,9:19:36,9:36:19,9.77848E-06,1003,9.74923E-09,,,,,,,,,,,,,,,,,
7/20/2016,29,repeat,EVP-1383,9:20:20,9:34:11,7.33386E-06,831,8.82534E-09,,,,,,,,,,,,,,,,,
7/20/2016,10,new,EVP-1384,9:41:47,9:57:11,7.33386E-06,924,7.93708E-09,1.13437E-08,60,11,na,10:03 AM,0,34 w,64.64,76.08,nn150,,1.3,"70,62.5",3.7,,N 15.17021,W 092.33942
7/20/2016,10,new,EVP-1385,9:42:38,9:57:44,8.96361E-06,906,9.89361E-09,,,,,,,17 w,82.32,,n2027,,3.9,50.5,,,,
7/20/2016,10,new,EVP-1386,9:43:30,9:58:16,1.14082E-05,886,1.28761E-08,,,,,,,22 w,77.12,,can't find,chalum,5.9,53,,,,
7/20/2016,10,new,EVP-1387,9:44:07,9:58:49,1.05934E-05,882,1.20106E-08,,,,,,,19 w,80.24,,,,,,,,,
7/20/2016,10,new,EVP-1388,9:44:54,9:59:27,1.22231E-05,873,1.40013E-08,,,,,,,,,,,,,,,,,
7/20/2016,32,new,EVP-1389,10:20:29,10:36:30,2.52611E-05,961,2.62862E-08,2.8659E-08,111,14,na,10:43 AM,0.6,38 w,60.48,75.3,3021,,0.9,200,4.433333333,,N 15.16932,W 092.33930
7/20/2016,32,new,EVP-1390,10:21:07,10:37:21,2.68908E-05,974,2.76086E-08,,,,,,,10 w,89.6,,n2355,,4.1,55,,,,
7/20/2016,32,new,EVP-1391,10:21:54,10:37:54,3.17801E-05,960,3.31042E-08,,,,,,,26 w,72.96,,3020,,8.3,121,,,,
7/20/2016,32,new,EVP-1392,10:22:35,10:38:35,2.60759E-05,960,2.71624E-08,,,,,,,21 w,78.16,,,,,,,,,
7/20/2016,32,new,EVP-1393,10:23:17,10:39:08,2.77057E-05,951,2.91332E-08,,,,,,,,,,,,,,,,,
7/20/2016,33,new,EVP-1394,10:55:39,11:10:55,2.44462E-05,916,2.6688E-08,2.85036E-08,179,21,na,11:19 AM,0.6,11 w,88.56,93.24,2998,,1.1,116,5.233333333,,N 15.16922,W 092.33983
7/20/2016,33,new,EVP-1395,10:56:24,11:11:31,2.77057E-05,907,3.05465E-08,,,,,,,5 w,94.8,,3000,,4.4,61,,,,
7/20/2016,33,new,EVP-1396,10:57:10,11:11:58,2.60759E-05,888,2.93648E-08,,,,,,,5 w,94.8,,2993,,10.2,167,,,,
7/20/2016,33,new,EVP-1397,10:57:49,11:12:35,2.44462E-05,886,2.75916E-08,,,,,,,5 w,94.8,,,,,,,,,
7/20/2016,33,new,EVP-1398,10:58:46,11:13:09,2.44462E-05,863,2.8327E-08,,,,,,,,,,,,,,,,,
7/20/2016,34,new,EVP-1399,11:27:46,11:43:33,1.22231E-05,947,1.29072E-08,1.26882E-08,227,13,na,11:50 AM,0.3,23 w,76.08,64.64,3142,,0.8,62,4,2 big trees recently cut here,N 15.16916,W 092.34013
7/20/2016,34,new,EVP-1400,11:28:29,11:44:12,1.05934E-05,943,1.12337E-08,,,,,,,26 w,72.96,,3154,,5.2,83.5,,,,
7/20/2016,34,new,EVP-1401,11:29:13,11:44:50,1.3038E-05,937,1.39146E-08,,,,,,,33 w,65.68,,nn232,,6,38.5,,,,
7/20/2016,34,new,EVP-1402,11:29:54,11:45:31,1.05934E-05,937,1.13056E-08,,,,,,,40 b,43.84,,,,,,,,,
7/20/2016,34,new,EVP-1403,11:30:39,11:46:05,1.3038E-05,926,1.40799E-08,,,,,,,,,,,,,,,,,
8/8/2016,34,resample,EVP-1540,7:52:57,8:08:58,3.34098E-05,961,3.47657E-08,3.1633E-08,,,,,,,,,,,,,,,,
8/8/2016,34,resample,EVP-1541,7:53:59,8:09:51,3.17801E-05,952,3.33824E-08,,,,,,,,,,,,,,,,,
8/8/2016,34,resample,EVP-1542,7:54:42,8:10:30,3.09652E-05,948,3.26637E-08,,,,,,,,,,,,,,,,,
8/8/2016,34,resample,EVP-1543,7:55:34,8:10:59,2.68908E-05,925,2.90712E-08,,,,,,,,,,,,,,,,,
8/8/2016,34,resample,EVP-1544,7:56:20,8:11:42,2.60759E-05,922,2.82819E-08,,,,,,,,,,,,,,,,,
8/8/2016,56,resample,EVP-1545,8:17:48,8:34:43,3.42247E-05,1015,3.37189E-08,3.36062E-08,,,,,,,,,,,,,,,,
8/8/2016,56,resample,EVP-1546,8:18:38,8:35:18,3.17801E-05,1000,3.17801E-08,,,,,,,,,,,,,,,,,
8/8/2016,56,resample,EVP-1547,8:19:20,8:35:57,3.8299E-05,997,3.84143E-08,,,,,,,,,,,,,,,,,
8/8/2016,56,resample,EVP-1548,8:20:05,8:36:38,3.66693E-05,993,3.69278E-08,,,,,,,,,,,,,,,,,
8/8/2016,56,resample,EVP-1549,8:20:53,8:37:22,2.68908E-05,989,2.71899E-08,,,,,,,,,,,,,,,,,
8/8/2016,55,resample,EVP-1550,8:27:23,8:45:26,2.52611E-05,1083,2.33251E-08,2.49028E-08,,,,,,,,,,,,,,this site has been cleaned since I last measured it; has less structual density,,
8/8/2016,55,resample,EVP-1551,8:28:18,8:46:02,2.36313E-05,1064,2.22099E-08,,,,,,,,,,,,,,,,,
8/8/2016,55,resample,EVP-1552,8:29:10,8:46:41,3.01503E-05,1051,2.86873E-08,,,,,,,,,,,,,,,,,
8/8/2016,55,resample,EVP-1553,8:29:59,8:47:19,2.60759E-05,1040,2.5073E-08,,,,,,,,,,,,,,,,,
8/8/2016,55,resample,EVP-1554,8:30:51,8:48:05,2.60759E-05,1034,2.52185E-08,,,,,,,,,,,,,,,,,
8/8/2016,66,resample,EVP-1555,9:02:02,9:19:44,3.58544E-05,1062,3.37612E-08,3.34607E-08,,,,,,,,,,,,,,,,
8/8/2016,66,resample,EVP-1556,9:03:02,9:20:24,3.17801E-05,1042,3.04991E-08,,,,,,,,,,,,,,,,,
8/8/2016,66,resample,EVP-1557,9:03:45,9:20:57,3.17801E-05,1032,3.07946E-08,,,,,,,,,,,,,,,,,
8/8/2016,66,resample,EVP-1558,9:04:33,9:21:33,3.74842E-05,1020,3.67492E-08,,,,,,,,,,,,,,,,,
8/8/2016,66,resample,EVP-1559,9:05:12,9:22:02,3.58544E-05,1010,3.54994E-08,,,,,,,,,,,,,,,,,
8/8/2016,51,resample,EVP-1560,9:09:20,9:25:52,4.40032E-05,992,4.4358E-08,4.30039E-08,,,,,,,,,,,,,,,,
8/8/2016,51,resample,EVP-1561,9:10:13,9:26:30,3.66693E-05,977,3.75325E-08,,,,,,,,,,,,,,,,,
8/8/2016,51,resample,EVP-1562,9:10:53,9:27:19,3.74842E-05,986,3.80164E-08,,,,,,,,,,,,,,,,,
8/8/2016,51,resample,EVP-1563,9:11:46,9:27:57,4.80775E-05,971,4.95134E-08,,,,,,,,,,,,,,,,,
8/8/2016,51,resample,EVP-1564,9:12:29,9:28:34,4.40032E-05,965,4.55991E-08,,,,,,,,,,,,,,,,,
8/8/2016,98,resample,EVP-1565,9:43:01,10:00:15,5.1337E-05,1034,4.9649E-08,4.78371E-08,,,,,,,,,,,,,,,,
8/8/2016,98,resample,EVP-1566,9:43:47,10:00:54,4.23734E-05,1027,4.12594E-08,,,,,,,,,,,,,,,,,
8/8/2016,98,resample,EVP-1567,9:44:32,10:01:35,4.31883E-05,1023,4.22173E-08,,,,,,,,,,,,,,,,,
8/8/2016,98,resample,EVP-1568,9:45:17,10:02:21,5.05221E-05,1024,4.9338E-08,,,,,,,,,,,,,,,,,
8/8/2016,98,resample,EVP-1569,9:46:01,10:03:01,5.7856E-05,1020,5.67216E-08,,,,,,,,,,,,,,,,,
8/8/2016,103,resample,EVP-1570,9:50:14,10:06:01,3.42247E-05,947,3.61401E-08,3.72402E-08,,,,,,,,,,,,,,,,
8/8/2016,103,resample,EVP-1571,9:51:04,10:06:59,3.66693E-05,955,3.83972E-08,,,,,,,,,,,,,,,,,
8/8/2016,103,resample,EVP-1572,9:51:52,10:07:40,3.58544E-05,948,3.78211E-08,,,,,,,,,,,,,,,,,
8/8/2016,103,resample,EVP-1573,9:52:36,10:08:19,2.60759E-05,943,2.76521E-08,,,,,,,,,,,,,,,,,
8/8/2016,103,resample,EVP-1574,9:53:22,10:08:57,4.31883E-05,935,4.61907E-08,,,,,,,,,,,,,,,,,
8/8/2016,47,resample,EVP-1575,10:31:01,10:47:54,2.68908E-05,1013,2.65457E-08,2.80093E-08,,,,,,,,,,,,,,,,
8/8/2016,47,resample,EVP-1576,10:31:47,10:48:34,3.01503E-05,1007,2.99407E-08,,,,,,,,,,,,,,,,,
8/8/2016,47,resample,EVP-1577,10:32:37,10:48:58,2.85206E-05,981,2.9073E-08,,,,,,,,,,,,,,,,,
8/8/2016,47,resample,EVP-1578,10:33:24,10:49:49,2.60759E-05,985,2.6473E-08,,,,,,,,,,,,,,,,,
8/8/2016,47,resample,EVP-1579,10:34:10,10:50:39,2.77057E-05,989,2.80138E-08,,,,,,,,,,,,,,,,,
8/9/2016,47,resample,EVP-1419,8:21:01,8:37:32,4.80775E-05,991,4.85142E-08,4.5515E-08,,,,,,,,,,,,,,,,
8/9/2016,47,resample,EVP-1420,8:22:04,8:38:30,4.64478E-05,986,4.71073E-08,,,,,,,,,,,,,,,,,
8/9/2016,47,resample,EVP-1421,8:22:48,8:38:59,4.97073E-05,971,5.11918E-08,,,,,,,,,,,,,,,,,
8/9/2016,47,resample,EVP-1422,8:23:33,8:39:29,4.07437E-05,956,4.26189E-08,,,,,,,,,,,,,,,,,
8/9/2016,47,resample,EVP-1423,8:24:20,8:40:00,3.58544E-05,940,3.8143E-08,,,,,,,,,,,,,,,,,
8/9/2016,42,resample,EVP-1580,8:47:59,9:04:14,5.45965E-05,975,5.59964E-08,5.8005E-08,,,,,,,,,,,,,,,,
8/9/2016,42,resample,EVP-1581,8:48:36,9:04:44,5.37816E-05,968,5.55595E-08,,,,,,,,,,,,,,,,,
8/9/2016,42,resample,EVP-1582,8:49:16,9:05:19,4.88924E-05,963,5.07709E-08,,,,,,,,,,,,,,,,,
8/9/2016,42,resample,EVP-1583,8:49:52,9:05:48,5.86709E-05,956,6.13712E-08,,,,,,,,,,,,,,,,,
8/9/2016,42,resample,EVP-1584,8:50:32,9:06:18,6.27452E-05,946,6.63269E-08,,,,,,,,,,,,,,,,,
8/9/2016,43,resample,EVP-1585,9:13:47,9:29:55,3.8299E-05,968,3.95651E-08,4.14197E-08,,,,,,,,,,,,,,,,
8/9/2016,43,resample,EVP-1586,9:14:30,9:30:30,4.15585E-05,960,4.32901E-08,,,,,,,,,,,,,,,,,
8/9/2016,43,resample,EVP-1587,9:15:11,9:31:05,4.23734E-05,954,4.44166E-08,,,,,,,,,,,,,,,,,
8/9/2016,43,resample,EVP-1588,9:15:47,9:31:39,4.23734E-05,952,4.45099E-08,,,,,,,,,,,,,,,,,
8/9/2016,43,resample,EVP-1589,9:16:23,9:32:09,3.34098E-05,946,3.53169E-08,,,,,,,,,,,,,,,,,
8/9/2016,44,resample,EVP-1590,9:38:41,9:54:48,2.20016E-05,967,2.27524E-08,2.15313E-08,,,,,,,,,,,,,,,,
8/9/2016,44,resample,EVP-1591,9:39:27,9:55:25,1.9557E-05,958,2.04144E-08,,,,,,,,,,,,,,,,,
8/9/2016,44,resample,EVP-1592,9:40:04,9:55:55,2.20016E-05,951,2.31352E-08,,,,,,,,,,,,,,,,,
8/9/2016,44,resample,EVP-1593,9:40:43,9:56:33,1.87421E-05,950,1.97285E-08,,,,,,,,,,,,,,,,,
8/9/2016,44,resample,EVP-1594,9:41:29,9:57:11,2.03718E-05,942,2.16261E-08,,,,,,,,,,,,,,,,,
8/9/2016,18,resample,EVP-1595,10:06:59,10:22:31,5.29668E-05,932,5.68313E-08,5.52713E-08,,,,,,,,,,,,,,,,
8/9/2016,18,resample,EVP-1596,10:07:38,10:23:06,5.05221E-05,928,5.4442E-08,,,,,,,,,,,,,,,,,
8/9/2016,18,resample,EVP-1597,10:08:23,10:23:39,5.21519E-05,916,5.69344E-08,,,,,,,,,,,,,,,,,
8/9/2016,18,resample,EVP-1598,10:09:02,10:24:19,5.54114E-05,917,6.04268E-08,,,,,,,,,,,,,,,,,
8/9/2016,18,resample,EVP-1599,10:09:41,10:24:46,4.31883E-05,905,4.77219E-08,,,,,,,,,,,,,,,,,
8/9/2016,17,resample,EVP-1600,10:33:10,10:51:10,5.45965E-05,1080,5.05523E-08,5.3933E-08,,,,,,,,,,,,,,,,
8/9/2016,17,resample,EVP-1601,10:33:49,10:51:40,6.03006E-05,1071,5.63031E-08,,,,,,,,,,,,,,,,,
8/9/2016,17,resample,EVP-1602,10:34:26,10:52:07,5.7856E-05,1061,5.45297E-08,,,,,,,,,,,,,,,,,
8/9/2016,17,resample,EVP-1603,10:35:06,10:52:36,4.97073E-05,1050,4.73403E-08,,,,,,,,,,,,,,,,,
8/9/2016,17,resample,EVP-1604,10:35:43,10:53:06,6.35601E-05,1043,6.09397E-08,,,,,,,,,,,,,,,,,
8/9/2016,16,resample,EVP-1605,11:20:29,11:36:41,5.1337E-05,972,5.28159E-08,5.24795E-08,,,,,,,,,,,,,,,,
8/9/2016,16,resample,EVP-1606,11:21:03,11:37:14,5.45965E-05,971,5.62271E-08,,,,,,,,,,,,,,,,,
8/9/2016,16,resample,EVP-1607,11:21:41,11:37:44,5.05221E-05,963,5.24633E-08,,,,,,,,,,,,,,,,,
8/9/2016,16,resample,EVP-1608,11:22:19,11:38:17,5.1337E-05,958,5.35877E-08,,,,,,,,,,,,,,,,,
8/9/2016,16,resample,EVP-1610,11:23:37,11:38:50,4.31883E-05,913,4.73037E-08,,,,,,,,,,,,,,,,,
