date,type,ID,startTime,endTime,weightLost_g/mm2,timeDiff_s,evpRate_g/mm2/s,avgEvpRate_g/mm2/s,notes,wind_time,wind_m/s,shade_NESW,overstoryDensity_%,shadeAvg_%
6/6/2016,house,EVP-124,6:47:36,7:02:36,4.69E-06,900,5.21E-09,6.05E-09,,,,,,
6/6/2016,house,EVP-125,6:48:10,7:03:09,7.33E-06,899,8.16E-09,,,,,,,
6/6/2016,house,EVP-126,6:48:46,7:03:41,4.28E-06,895,4.78E-09,,,,,,,
6/7/2016,house,EVP-170,6:43:31,7:24:35,1.55E-05,2464,6.30E-09,5.07E-09,rained all day,,,,,
6/7/2016,house,EVP-171,6:44:08,7:25:21,1.32E-05,2473,5.35E-09,,rained all day,,,,,
6/7/2016,house,EVP-172,6:44:43,7:25:50,9.98E-06,2467,4.05E-09,,rained all day,,,,,
6/7/2016,house,EVP-173,6:45:15,7:26:23,1.32E-05,2468,5.37E-09,,rained all day,,,,,
6/7/2016,house,EVP-174,6:45:44,7:26:58,1.06E-05,2474,4.28E-09,,rained all day,,,,,
6/8/2016,house,EVP-175,6:16:37,7:10:17,2.85E-05,3220,8.86E-09,8.84E-09,,,,,,
6/8/2016,house,EVP-176,6:17:24,7:10:36,2.49E-05,3192,7.79E-09,,,,,,,
6/8/2016,house,EVP-177,6:18:09,7:11:05,2.77E-05,3176,8.72E-09,,,,,,,
6/8/2016,house,EVP-178,6:18:49,7:11:30,2.87E-05,3161,9.09E-09,,,,,,,
6/8/2016,house,EVP-179,6:19:40,7:12:01,3.06E-05,3141,9.73E-09,,,,,,,
6/8/2016,gazebo,EVP-180,6:24:16,7:16:00,5.17E-05,3104,1.67E-08,1.77E-08,,,,,,
6/8/2016,gazebo,EVP-181,6:25:32,7:14:48,4.79E-05,2956,1.62E-08,,,,,,,
6/8/2016,gazebo,EVP-182,6:26:30,7:15:19,5.36E-05,2929,1.83E-08,,,,,,,
6/8/2016,gazebo,EVP-183,6:27:22,7:16:35,5.81E-05,2953,1.97E-08,,,,,,,
6/8/2016,gazebo,EVP-184,6:28:13,7:17:07,5.17E-05,2934,1.76E-08,,,,,,,
6/9/2016,house,EVP-240,5:48:05,6:07:50,9.98E-06,1185,8.42E-09,8.49E-09,,,,,,
6/9/2016,house,EVP-241,5:49:25,6:08:21,7.95E-06,1136,6.99E-09,,,,,,,
6/9/2016,house,EVP-242,5:50:40,6:08:55,1.08E-05,1095,9.86E-09,,,,,,,
6/9/2016,house,EVP-243,5:50:42,6:09:25,9.78E-06,1123,8.71E-09,,,,,,,
6/9/2016,house,EVP-244,5:51:26,6:09:53,9.37E-06,1107,8.47E-09,,,,,,,
6/9/2016,gazebo,EVP-245,5:54:20,6:12:40,1.85E-05,1100,1.69E-08,2.07E-08,,,,,,
6/9/2016,gazebo,EVP-246,5:55:30,6:13:21,2.34E-05,1071,2.19E-08,,,,,,,
6/9/2016,gazebo,EVP-247,5:56:45,6:14:01,2.26E-05,1036,2.18E-08,,,,,,,
6/9/2016,gazebo,EVP-248,5:57:28,6:14:39,1.89E-05,1031,1.84E-08,,,,,,,
6/9/2016,gazebo,EVP-249,5:58:12,6:15:20,2.53E-05,1028,2.46E-08,,,,,,,
6/9/2016,house,EVP-275,9:04:27,9:28:10,3.44E-05,1423,2.42E-08,2.37E-08,,,,,,
6/9/2016,house,EVP-276,9:04:57,9:28:36,3.50E-05,1419,2.47E-08,,,,,,,
6/9/2016,house,EVP-277,9:05:31,9:29:01,3.28E-05,1410,2.33E-08,,,,,,,
6/9/2016,house,EVP-279,9:06:06,9:30:05,3.08E-05,1439,2.14E-08,,,,,,,
6/9/2016,house,EVP-278,9:06:38,9:29:37,3.42E-05,1379,2.48E-08,,,,,,,
6/9/2016,gazebo,EVP-280,9:09:11,9:33:53,2.16E-05,1482,1.46E-08,2.10E-08,,,,,,
6/9/2016,gazebo,EVP-281,9:10:14,9:34:26,3.20E-05,1452,2.20E-08,,,,,,,
6/9/2016,gazebo,EVP-282,9:10:55,9:34:57,3.26E-05,1442,2.26E-08,,,,,,,
6/9/2016,gazebo,EVP-283,9:11:39,9:35:27,3.20E-05,1428,2.24E-08,,,,,,,
6/9/2016,gazebo,EVP-284,9:12:11,9:35:59,3.34E-05,1428,2.34E-08,,,,,,,
6/25/2016,house,EVP-285,7:37:00,8:07:07,3.16E-05,1807,1.75E-08,1.85E-08,,,,,,
6/25/2016,house,EVP-286,7:37:44,8:07:45,3.24E-05,1801,1.80E-08,,,,,,,
6/25/2016,house,EVP-287,7:38:30,8:09:00,3.53E-05,1830,1.93E-08,,,,,,,
6/25/2016,house,EVP-288,,,3.10E-05,,,,discard,,,,,
6/25/2016,house,EVP-289,7:39:56,8:09:35,3.45E-05,1779,1.94E-08,,,,,,,
6/25/2016,gazebo,EVP-290,7:44:14,8:00:40,2.13E-05,986,2.16E-08,2.34E-08,,7:52 AM,0,12 w,87.52,89.6
6/25/2016,gazebo,EVP-291,7:45:07,8:01:23,1.71E-05,976,1.75E-08,,,,,2 w,97.92,
6/25/2016,gazebo,EVP-292,7:45:55,8:02:02,2.29E-05,967,2.37E-08,,,,,17 w,82.32,
6/25/2016,gazebo,EVP-293,7:46:40,8:02:49,2.76E-05,969,2.85E-08,,,,,9 w,90.64,
6/25/2016,gazebo,EVP-294,7:47:36,8:03:36,2.47E-05,960,2.58E-08,,,,,,,
6/25/2016,control1,EVP-295,8:16:35,8:45:21,3.39E-05,1726,1.97E-08,2.20E-08,,8:24 AM,0,29 w,69.84,39.42
6/25/2016,control1,EVP-296,8:17:50,8:46:08,3.97E-05,1698,2.34E-08,,,,,23 b,26.16,
6/25/2016,control1,EVP-297,8:18:41,8:46:47,3.81E-05,1686,2.26E-08,,,,,7 b,9.52,
6/25/2016,control1,EVP-298,8:19:28,8:47:27,3.50E-05,1679,2.08E-08,,,,,48 b,52.16,
6/25/2016,control1,EVP-299,8:20:20,8:48:10,3.89E-05,1670,2.33E-08,,,,,,,
6/25/2016,control1,EVP-330,14:11:31,14:24:13,1.96E-05,762,2.57E-08,2.59E-08,,2:18 PM,0,45 w,53.2,35.52
6/25/2016,control1,EVP-331,14:12:17,14:24:55,2.18E-05,758,2.88E-08,,,,,27 b,30.32,
6/25/2016,control1,EVP-332,14:13:00,14:25:38,2.40E-05,758,3.17E-08,,,,,10 b,12.64,
6/25/2016,control1,EVP-333,14:13:42,14:26:12,2.38E-05,750,3.18E-08,,,,,42 b,45.92,
6/25/2016,control1,EVP-334,14:14:24,14:26:55,8.76E-06,751,1.17E-08,,,,,,,
6/25/2016,gazebo,EVP-335,14:32:06,14:50:42,2.30E-05,1116,2.06E-08,2.02E-08,,,,,,
6/25/2016,gazebo,EVP-336,14:32:43,14:51:18,2.00E-05,1115,1.79E-08,,,,,,,
6/25/2016,gazebo,EVP-337,14:33:35,14:51:51,2.38E-05,1096,2.17E-08,,,,,,,
6/25/2016,gazebo,EVP-338,14:34:17,14:52:26,2.16E-05,1089,1.98E-08,,,,,,,
6/25/2016,gazebo,EVP-339,14:35:02,14:52:55,2.24E-05,1073,2.09E-08,,,,,,,
6/25/2016,house,EVP-340,14:46:15,15:08:50,3.71E-05,1355,2.74E-08,2.93E-08,,,,,,
6/25/2016,house,EVP-341,14:46:53,15:09:24,3.59E-05,1351,2.65E-08,,,,,,,
6/25/2016,house,EVP-342,14:47:31,15:09:59,4.85E-05,1348,3.60E-08,,,,,,,
6/25/2016,house,EVP-343,14:48:07,15:10:40,3.69E-05,1353,2.73E-08,,,,,,,
6/26/2016,gazebo,EVP-344,6:59:00,7:20:44,2.40E-05,1304,1.84E-08,1.87E-08,,7:06 AM,0,10 w,89.6,91.94
6/26/2016,gazebo,EVP-345,7:01:02,7:21:18,2.22E-05,1216,1.83E-08,,,,,2 w,97.92,
6/26/2016,gazebo,EVP-346,7:00:46,7:21:52,2.42E-05,1266,1.91E-08,,,,,8 w,91.68,
6/26/2016,gazebo,EVP-347,7:01:30,7:22:27,2.40E-05,1257,1.91E-08,,,,,11 w,88.56,
6/26/2016,gazebo,EVP-348,7:02:17,7:23:10,2.32E-05,1253,1.85E-08,,,,,,,
6/26/2016,house,EVP-349,7:15:02,7:27:56,8.96E-06,774,1.16E-08,1.23E-08,,,,,,
6/26/2016,house,EVP-350,7:15:45,7:29:07,1.02E-05,802,1.27E-08,,,,,,,
6/26/2016,house,EVP-351,7:16:35,7:29:43,8.56E-06,788,1.09E-08,,,,,,,
6/26/2016,house,EVP-352,7:17:20,7:30:13,1.12E-05,773,1.45E-08,,,,,,,
6/26/2016,house,EVP-353,7:18:01,7:30:51,9.17E-06,770,1.19E-08,,,,,,,
6/26/2016,control1,EVP-354,,,,,,1.41E-08,,7:50 AM,0,46 b,50.08,37.6
6/26/2016,control1,EVP-355,7:40:41,7:53:42,9.98E-06,781,1.28E-08,,,,,27 b,30.32,
6/26/2016,control1,EVP-356,,,1.08E-05,,,,,,,9 b,11.6,
6/26/2016,control1,EVP-357,7:42:28,7:54:01,1.34E-05,693,1.94E-08,,,,,40 w,58.4,
6/26/2016,control1,EVP-358,7:43:31,7:55:32,7.33E-06,721,1.02E-08,,,,,,,
6/26/2016,control1,EVP-388,12:21:43,12:36:36,3.08E-05,893,3.44E-08,3.59E-08,,12:28 PM,0.3,41 w,57.36,31.88
6/26/2016,control1,EVP-390,12:22:33,12:37:23,2.91E-05,890,3.27E-08,,,,,8 b,10.56,
6/26/2016,control1,EVP-391,12:23:25,12:38:02,3.97E-05,877,4.53E-08,,,,,8 b,10.56,
6/26/2016,control1,EVP-392,12:24:16,12:38:39,3.42E-05,863,3.97E-08,,,,,49 w,49.04,
6/26/2016,control1,EVP-393,12:25:02,12:39:18,2.34E-05,856,2.74E-08,,,,,,,
6/26/2016,gazebo,EVP-394,12:46:13,13:02:14,1.69E-05,961,1.76E-08,1.66E-08,,12:54 PM,0,7 w,92.72,89.6
6/26/2016,gazebo,EVP-395,12:46:57,13:02:53,1.51E-05,956,1.58E-08,,,,,2 w,97.92,
6/26/2016,gazebo,EVP-396,12:47:48,13:03:26,1.55E-05,938,1.65E-08,,,,,14 w,85.44,
6/26/2016,gazebo,EVP-397,12:48:31,13:04:03,1.51E-05,932,1.62E-08,,,,,17 w,82.32,
6/26/2016,gazebo,EVP-398,12:49:13,13:04:35,1.55E-05,922,1.68E-08,,,,,,,
6/26/2016,house,EVP-399,14:07:20,14:29:06,2.42E-05,1306,1.86E-08,1.76E-08,,,,,,
6/26/2016,house,EVP-400,14:07:58,14:29:46,2.26E-05,1308,1.73E-08,,,,,,,
6/26/2016,house,EVP-401,14:08:42,14:30:11,2.12E-05,1289,1.64E-08,,,,,,,
6/26/2016,house,EVP-402,14:09:20,14:30:34,2.30E-05,1274,1.81E-08,,,,,,,
6/26/2016,house,EVP-403,14:09:56,14:31:07,2.24E-05,1271,1.76E-08,,,,,,,
6/27/2016,house,EVP-404,7:38:35,7:59:58,2.30E-05,1283,1.79E-08,1.91E-08,,,,,,
6/27/2016,house,EVP-405,7:39:51,8:00:32,2.22E-05,1241,1.79E-08,,,,,,,
6/27/2016,house,EVP-406,7:40:31,8:01:21,2.46E-05,1250,1.97E-08,,,,,,,
6/27/2016,house,EVP-407,,,,,,,,,,,,
6/27/2016,house,EVP-408,7:42:00,7:59:18,2.18E-05,1038,2.10E-08,,,,,,,
6/27/2016,gazebo,EVP-409,7:45:42,8:05:38,2.81E-05,1196,2.35E-08,2.38E-08,,7:54 AM,0,5 w,94.8,92.46
6/27/2016,gazebo,EVP-410,7:46:28,8:06:14,2.53E-05,1186,2.13E-08,,,,,2 w,97.92,
6/27/2016,gazebo,EVP-411,7:47:19,8:06:53,2.75E-05,1174,2.34E-08,,,,,8 w,91.68,
6/27/2016,gazebo,EVP-412,7:48:13,8:07:33,3.02E-05,1160,2.60E-08,,,,,14 w,85.44,
6/27/2016,gazebo,EVP-413,7:48:59,8:08:15,2.87E-05,1156,2.48E-08,,,,,,,
6/27/2016,control1,EVP-414,8:23:07,8:39:11,2.77E-05,964,2.87E-08,3.19E-08,,8:34 AM,0,32 w,66.72,41.5
6/27/2016,control1,EVP-415,8:23:50,8:39:43,2.99E-05,953,3.14E-08,,,,,14 b,16.8,
6/27/2016,control1,EVP-416,8:24:33,8:40:24,3.40E-05,951,3.58E-08,,,,,13 b,15.76,
6/27/2016,control1,EVP-417,8:25:22,8:41:03,3.50E-05,941,3.72E-08,,,,,32 w,66.72,
6/27/2016,control1,EVP-418,8:26:24,8:41:38,2.42E-05,914,2.65E-08,,,,,,,
6/27/2016,control1,EVP-434,12:47:20,13:00:26,1.30E-05,786,1.66E-08,1.59E-08,drizzling,12:55 PM,0.4,35 w,63.6,33.96
6/27/2016,control1,EVP-435,12:48:06,13:00:58,1.28E-05,772,1.66E-08,,,,,11 b,13.68,
6/27/2016,control1,EVP-436,12:48:54,13:01:33,1.12E-05,759,1.48E-08,,,,,11 b,13.68,
6/27/2016,control1,EVP-437,12:49:31,13:02:01,1.20E-05,750,1.60E-08,,,,,41 b,44.88,
6/27/2016,control1,EVP-438,12:50:15,13:02:36,1.14E-05,741,1.54E-08,,,,,,,
6/27/2016,house,EVP-439,13:07:37,13:32:07,2.24E-05,1470,1.52E-08,1.45E-08,drizzling,,,,,
6/27/2016,house,EVP-440,13:08:21,13:32:40,2.12E-05,1459,1.45E-08,,,,,,,
6/27/2016,house,EVP-441,13:09:00,13:33:10,2.26E-05,1450,1.56E-08,,,,,,,
6/27/2016,house,EVP-442,13:09:40,13:33:41,2.06E-05,1441,1.43E-08,,,,,,,
6/27/2016,house,EVP-443,13:10:21,13:34:14,1.85E-05,1433,1.29E-08,,,,,,,
6/27/2016,gazebo,EVP-444,13:18:30,13:37:22,1.14E-05,1132,1.01E-08,1.11E-08,drizzling,1:25 PM,0,7 w,92.72,92.98
6/27/2016,gazebo,EVP-445,13:19:08,13:37:54,1.16E-05,1126,1.03E-08,,,,,2 w,97.92,
6/27/2016,gazebo,EVP-446,13:19:47,13:38:29,1.49E-05,1122,1.33E-08,,,,,7 w,92.72,
6/27/2016,gazebo,EVP-447,13:20:26,13:39:00,1.24E-05,1114,1.12E-08,,,,,11 w,88.56,
6/27/2016,gazebo,EVP-448,13:21:04,13:39:33,1.20E-05,1109,1.08E-08,,,,,,,
6/28/2016,house,EVP-449,7:00:46,7:21:59,8.76E-06,1273,6.88E-09,7.49E-09,,,,,,
6/28/2016,house,EVP-450,7:01:22,7:22:25,9.57E-06,1263,7.58E-09,,,,,,,
6/28/2016,house,EVP-451,7:01:53,7:22:55,9.17E-06,1262,7.26E-09,,,,,,,
6/28/2016,house,EVP-452,7:02:25,7:23:32,8.96E-06,1267,7.07E-09,,,,,,,
6/28/2016,house,EVP-453,7:03:00,7:24:10,1.10E-05,1270,8.66E-09,,,,,,,
6/28/2016,gazebo,EVP-454,7:07:28,7:27:53,1.36E-05,1225,1.11E-08,1.12E-08,,7:17 AM,0,11 w,88.56,91.16
6/28/2016,gazebo,EVP-455,7:08:29,7:28:35,1.18E-05,1206,9.80E-09,,,,,2 w,97.92,
6/28/2016,gazebo,EVP-456,7:09:15,7:29:15,1.32E-05,1200,1.10E-08,,,,,13 w,86.48,
6/28/2016,gazebo,EVP-457,7:10:13,7:29:54,1.51E-05,1181,1.28E-08,,,,,8 w,91.68,
6/28/2016,gazebo,EVP-458,7:11:03,7:30:36,1.32E-05,1173,1.13E-08,,,,,,,
6/28/2016,control1,EVP-459,7:38:47,7:57:30,1.08E-05,1123,9.61E-09,9.78E-09,,7:49 AM,0,37 w,61.52,32.4
6/28/2016,control1,EVP-460,7:39:34,7:58:12,1.02E-05,1118,9.11E-09,,,,,10 b,12.64,
6/28/2016,control1,EVP-461,7:40:34,7:58:51,1.24E-05,1097,1.13E-08,,,,,9 b,11.6,
6/28/2016,control1,EVP-462,7:41:18,7:59:32,9.98E-06,1094,9.12E-09,,,,,40 b,43.84,
6/28/2016,control1,EVP-463,7:42:04,8:00:11,1.06E-05,1087,9.75E-09,,,,,,,
6/28/2016,control1,EVP-489,12:22:41,12:38:58,1.98E-05,977,2.02E-08,2.01E-08,,12:32 PM,0.3,37 w,61.52,35.26
6/28/2016,control1,EVP-490,12:23:38,12:39:45,1.89E-05,967,1.96E-08,,,,,5 b,7.44,
6/28/2016,control1,EVP-491,12:24:27,12:40:21,1.91E-05,954,2.01E-08,,,,,10 b,12.64,
6/28/2016,control1,EVP-492,12:25:16,12:41:01,1.91E-05,945,2.03E-08,,,,,39 w,59.44,
6/28/2016,control1,EVP-493,12:26:03,12:41:44,1.89E-05,941,2.01E-08,,,,,,,
6/28/2016,house,EVP-494,12:46:23,13:06:28,1.98E-05,1205,1.64E-08,1.60E-08,,,,,,
6/28/2016,house,EVP-495,12:47:14,13:07:13,1.89E-05,1199,1.58E-08,,,,,,,
6/28/2016,house,EVP-496,12:47:57,13:07:50,1.77E-05,1193,1.49E-08,,,,,,,
6/28/2016,house,EVP-497,12:48:46,13:08:24,2.08E-05,1178,1.76E-08,,,,,,,
6/28/2016,house,EVP-498,12:49:27,13:09:10,1.79E-05,1183,1.52E-08,,,,,,,
6/28/2016,gazebo,EVP-499,12:53:15,13:12:15,8.56E-06,1140,7.51E-09,9.64E-09,drizzling,1:01 PM,0,9 w,90.64,91.42
6/28/2016,gazebo,EVP-500,12:53:54,13:12:54,1.14E-05,1140,1.00E-08,,,,,2 w,97.92,
6/28/2016,gazebo,EVP-501,12:54:39,13:13:34,1.20E-05,1135,1.06E-08,,,,,11 w,88.56,
6/28/2016,gazebo,EVP-502,12:55:25,13:14:16,1.22E-05,1131,1.08E-08,,,,,11 w,88.56,
6/28/2016,gazebo,EVP-503,12:56:07,13:14:48,1.04E-05,1121,9.27E-09,,,,,,,
6/29/2016,house,EVP-504,6:49:40,7:11:31,1.53E-05,1311,1.17E-08,1.21E-08,,,,,,
6/29/2016,house,EVP-505,6:50:25,7:12:19,1.83E-05,1314,1.40E-08,,,,,,,
6/29/2016,house,EVP-506,6:51:07,7:12:51,1.45E-05,1304,1.11E-08,,,,,,,
6/29/2016,house,EVP-507,6:51:55,7:13:25,1.49E-05,1290,1.15E-08,,,,,,,
6/29/2016,house,EVP-508,6:52:40,7:13:59,1.55E-05,1279,1.21E-08,,,,,,,
6/29/2016,gazebo,EVP-509,7:24:42,7:40:06,3.12E-05,924,3.37E-08,3.53E-08,,7:33 PM,0,9 w,90.64,90.64
6/29/2016,gazebo,EVP-510,7:25:31,7:40:50,2.61E-05,919,2.84E-08,,,,,2 w,97.92,
6/29/2016,gazebo,EVP-511,7:26:17,7:41:36,3.77E-05,919,4.10E-08,,,,,15 w,84.4,
6/29/2016,gazebo,EVP-512,7:27:12,7:42:13,2.93E-05,901,3.26E-08,,,,,10 w,89.6,
6/29/2016,gazebo,EVP-513,7:27:53,7:42:51,3.69E-05,898,4.11E-08,,,,,,,
6/29/2016,control1,EVP-514,7:49:29,8:05:45,1.26E-05,976,1.29E-08,1.51E-08,,8:00 AM,0,36 w,62.56,38.38
6/29/2016,control1,EVP-515,7:50:39,8:06:27,1.61E-05,948,1.70E-08,,,,,22 b,25.12,
6/29/2016,control1,EVP-516,7:51:32,8:07:09,1.43E-05,937,1.52E-08,,,,,12 b,14.72,
6/29/2016,control1,EVP-517,7:52:22,8:07:49,1.51E-05,927,1.63E-08,,,,,47 b,51.12,
6/29/2016,control1,EVP-518,7:53:12,8:08:37,1.32E-05,925,1.43E-08,,,,,,,
6/29/2016,control1,EVP-544,12:17:42,12:33:52,2.32E-05,970,2.39E-08,2.35E-08,,12:27 PM,0.3,38 w,60.48,38.64
6/29/2016,control1,EVP-545,12:18:31,12:34:42,2.18E-05,971,2.24E-08,,,,,17 b,19.92,
6/29/2016,control1,EVP-546,12:19:28,12:35:20,2.28E-05,952,2.40E-08,,,,,13 b,15.76,
6/29/2016,control1,EVP-547,12:20:22,12:36:02,2.14E-05,940,2.28E-08,,,,,40 w,58.4,
6/29/2016,control1,EVP-548,12:21:16,12:36:41,2.24E-05,925,2.42E-08,,,,,,,
6/29/2016,house,EVP-549,12:41:36,13:01:18,2.38E-05,1182,2.02E-08,2.04E-08,,,,,,
6/29/2016,house,EVP-550,12:42:19,13:01:59,2.40E-05,1180,2.04E-08,,,,,,,
6/29/2016,house,EVP-551,12:43:13,13:02:36,2.42E-05,1163,2.08E-08,,,,,,,
6/29/2016,house,EVP-552,12:43:46,13:03:15,2.28E-05,1169,1.95E-08,,,,,,,
6/29/2016,house,EVP-553,12:44:26,13:04:00,2.49E-05,1174,2.12E-08,,,,,,,
6/29/2016,gazebo,EVP-554,12:48:16,13:07:02,1.36E-05,1126,1.21E-08,1.21E-08,,12:55 PM,0,11 w,88.56,89.34
6/29/2016,gazebo,EVP-555,12:49:00,13:07:43,1.26E-05,1123,1.12E-08,,,,,2 w,97.92,
6/29/2016,gazebo,EVP-556,12:49:43,13:08:22,1.32E-05,1119,1.18E-08,,,,,21 w,78.16,
6/29/2016,gazebo,EVP-557,12:50:26,13:09:07,1.43E-05,1121,1.27E-08,,,,,7 w,92.72,
6/29/2016,gazebo,EVP-558,12:51:03,13:09:45,1.39E-05,1122,1.23E-08,,,,,,,
6/30/2016,house,EVP-559,6:28:01,6:46:00,8.96E-06,1079,8.31E-09,1.12E-08,,,,,,
6/30/2016,house,EVP-560,6:28:38,6:46:39,1.24E-05,1081,1.15E-08,,,,,,,
6/30/2016,house,EVP-561,6:29:22,6:47:23,1.20E-05,1081,1.11E-08,,,,,,,
6/30/2016,house,EVP-562,6:30:05,6:48:16,1.41E-05,1091,1.29E-08,,,,,,,
6/30/2016,house,EVP-563,6:30:46,6:48:52,1.32E-05,1086,1.22E-08,,,,,,,
6/30/2016,gazebo,EVP-564,7:10:16,7:24:49,3.14E-05,873,3.59E-08,3.57E-08,,7:19 AM,0,11 w,88.56,91.94
6/30/2016,gazebo,EVP-565,7:10:52,7:25:40,2.81E-05,888,3.17E-08,,,,,2 w,97.92,
6/30/2016,gazebo,EVP-566,7:11:43,7:26:22,3.38E-05,879,3.85E-08,,,,,12 w,87.52,
6/30/2016,gazebo,EVP-567,7:12:32,7:27:11,2.95E-05,879,3.36E-08,,,,,6 w,93.76,
6/30/2016,gazebo,EVP-568,7:13:24,7:27:57,3.40E-05,873,3.90E-08,,,,,,,
6/30/2016,control1,EVP-569,7:35:48,7:51:33,9.17E-06,945,9.70E-09,1.07E-08,,7:47 AM,0,43 w,55.28,34.22
6/30/2016,control1,EVP-570,7:36:35,7:52:24,1.10E-05,949,1.16E-08,,,,,26 b,29.28,
6/30/2016,control1,EVP-571,7:37:26,7:53:10,1.02E-05,944,1.08E-08,,,,,11 b,13.68,
6/30/2016,control1,EVP-572,7:38:15,7:53:58,9.98E-06,943,1.06E-08,,,,,35 b,38.64,
6/30/2016,control1,EVP-573,,,,,,,,,,,,
6/30/2016,control1,EVP-604,12:47:50,13:01:57,1.71E-05,847,2.02E-08,1.94E-08,,12:57 PM,0,44 w,54.24,37.86
6/30/2016,control1,EVP-605,12:48:38,13:02:42,1.53E-05,844,1.81E-08,,,,,28 b,31.36,
6/30/2016,control1,EVP-606,12:49:22,13:03:19,1.63E-05,837,1.95E-08,,,,,13 b,15.76,
6/30/2016,control1,EVP-607,12:50:08,13:04:01,1.65E-05,833,1.98E-08,,,,,46 b,50.08,
6/30/2016,control1,EVP-608,12:50:30,13:04:55,1.69E-05,865,1.95E-08,,,,,,,
6/30/2016,gazebo,EVP-609,13:11:03,13:25:00,1.30E-05,837,1.56E-08,1.49E-08,,1:19 PM,0,11 w,88.56,90.12
6/30/2016,gazebo,EVP-610,13:11:47,13:25:49,8.96E-06,842,1.06E-08,,,,,2 w,97.92,
6/30/2016,gazebo,EVP-611,13:12:39,13:26:34,1.47E-05,835,1.76E-08,,,,,13 w,86.48,
6/30/2016,gazebo,EVP-612,13:13:25,13:27:15,1.18E-05,830,1.42E-08,,,,,12 w,87.52,
6/30/2016,gazebo,EVP-613,13:14:12,13:27:59,1.34E-05,827,1.63E-08,,,,,,,
6/30/2016,house,EVP-614,13:33:38,13:53:50,3.12E-05,1212,2.57E-08,2.47E-08,,,,,,
6/30/2016,house,EVP-615,13:34:27,13:54:57,2.89E-05,1230,2.35E-08,,,,,,,
6/30/2016,house,EVP-616,13:35:09,13:55:35,3.06E-05,1226,2.49E-08,,,,,,,
6/30/2016,house,EVP-617,,,,,,,,,,,,
6/30/2016,house,EVP-618,13:36:35,13:56:13,2.89E-05,1178,2.46E-08,,,,,,,
7/1/2016,house,EVP-619,6:36:10,6:54:51,1.34E-05,1121,1.20E-08,1.39E-08,,,,,,
7/1/2016,house,EVP-620,6:36:58,6:55:34,1.47E-05,1116,1.31E-08,,,,,,,
7/1/2016,house,EVP-621,,,,,,,,,,,,
7/1/2016,house,EVP-622,6:38:38,6:56:22,1.55E-05,1064,1.46E-08,,,,,,,
7/1/2016,house,EVP-623,6:39:45,6:57:00,1.63E-05,1035,1.57E-08,,,,,,,
7/1/2016,gazebo,EVP-624,7:12:08,7:27:48,4.24E-05,940,4.51E-08,5.25E-08,,7:23 AM,0,7 w,92.72,92.2
7/1/2016,gazebo,EVP-625,7:12:58,7:28:29,3.67E-05,931,3.94E-08,,,,,2 w,97.92,
7/1/2016,gazebo,EVP-626,7:13:46,7:29:09,5.70E-05,923,6.18E-08,,,,,8 w,91.68,
7/1/2016,gazebo,EVP-627,7:14:32,7:29:45,4.73E-05,913,5.18E-08,,,,,13 w,86.48,
7/1/2016,gazebo,EVP-628,7:15:18,7:30:26,5.87E-05,908,6.46E-08,,,,,,,
7/1/2016,control1,EVP-629,7:37:03,7:53:17,1.79E-05,974,1.84E-08,1.78E-08,,7:47 AM,0,42 w,56.32,35.78
7/1/2016,control1,EVP-630,7:37:55,7:54:02,1.79E-05,967,1.85E-08,,,,,12 b,14.72,
7/1/2016,control1,EVP-631,7:38:44,7:54:43,2.12E-05,959,2.21E-08,,,,,12 b,14.72,
7/1/2016,control1,EVP-632,7:39:37,7:55:23,1.55E-05,946,1.64E-08,,,,,53 b,57.36,
7/1/2016,control1,EVP-633,7:40:19,7:56:04,1.30E-05,945,1.38E-08,,,,,,,
7/1/2016,control1,EVP-664,12:50:34,13:05:48,1.71E-05,914,1.87E-08,1.87E-08,"work was done here, plants were trimmed and new café was planted",12:59 PM,0,42 w,56.32,30.84
7/1/2016,control1,EVP-665,12:51:31,13:06:30,1.79E-05,899,1.99E-08,,,,,7 b,9.52,
7/1/2016,control1,EVP-666,12:52:11,13:07:06,1.71E-05,895,1.91E-08,,,,,6 b,8.48,
7/1/2016,control1,EVP-667,12:52:47,13:07:36,1.79E-05,889,2.02E-08,,,,,49 w,49.04,
7/1/2016,control1,EVP-668,12:53:31,13:08:12,1.39E-05,881,1.57E-08,,,,,,,
7/1/2016,house,EVP-669,13:12:30,13:33:41,2.28E-05,1271,1.80E-08,1.72E-08,,,,,,
7/1/2016,house,EVP-670,13:13:16,13:34:29,2.20E-05,1273,1.73E-08,,,,,,,
7/1/2016,house,EVP-671,13:14:03,13:35:07,2.20E-05,1264,1.74E-08,,,,,,,
7/1/2016,house,EVP-672,13:14:44,13:35:46,2.04E-05,1262,1.61E-08,,,,,,,
7/1/2016,house,EVP-673,13:15:30,13:36:33,2.20E-05,1263,1.74E-08,,,,,,,
7/1/2016,gazebo,EVP-674,13:19:18,13:40:24,1.30E-05,1266,1.03E-08,1.03E-08,drizzling,1:28 PM,0,9 w,90.64,89.34
7/1/2016,gazebo,EVP-675,13:20:19,13:41:08,1.22E-05,1249,9.79E-09,,,,,2 w,97.92,
7/1/2016,gazebo,EVP-676,13:21:14,13:42:40,1.39E-05,1286,1.08E-08,,,,,15 w,84.4,
7/1/2016,gazebo,EVP-677,13:22:15,13:42:13,1.22E-05,1198,1.02E-08,,,,,15 w,84.4,
7/1/2016,gazebo,EVP-678,13:22:59,13:42:47,1.22E-05,1188,1.03E-08,,,,,,,
7/2/2016,house,EVP-679,6:18:58,6:37:57,1.39E-05,1139,1.22E-08,1.09E-08,,,,,,
7/2/2016,house,EVP-680,6:19:48,6:38:40,1.22E-05,1132,1.08E-08,,,,,,,
7/2/2016,house,EVP-681,6:20:37,6:39:18,1.30E-05,1121,1.16E-08,,,,,,,
7/2/2016,house,EVP-682,6:21:16,6:39:53,1.14E-05,1117,1.02E-08,,,,,,,
7/2/2016,house,EVP-683,6:21:57,6:40:30,1.06E-05,1113,9.52E-09,,,,,,,
7/2/2016,gazebo,EVP-715,7:19:35,7:35:38,1.96E-05,963,2.03E-08,2.68E-08,,7:32 AM,0,13 w,86.48,91.42
7/2/2016,gazebo,EVP-716,7:20:38,7:37:00,1.79E-05,982,1.83E-08,,,,,2 w,97.92,
7/2/2016,gazebo,EVP-717,7:21:38,7:38:01,2.04E-05,983,2.07E-08,,,,,8 w,91.68,
7/2/2016,gazebo,EVP-718,7:22:28,7:28:51,2.04E-05,383,5.32E-08,,,,,10 w,89.6,
7/2/2016,gazebo,EVP-719,7:23:21,7:39:39,2.12E-05,978,2.17E-08,,,,,,,
7/2/2016,control1,EVP-684,7:46:34,8:04:02,1.55E-05,1048,1.48E-08,1.56E-08,,7:56 AM,0,41 w,57.36,33.7
7/2/2016,control1,EVP-685,7:47:24,8:05:38,1.71E-05,1094,1.56E-08,,,,,9 b,11.6,
7/2/2016,control1,EVP-686,7:48:15,8:06:30,1.87E-05,1095,1.71E-08,,,,,8 b,10.56,
7/2/2016,control1,EVP-687,7:49:01,8:07:18,1.71E-05,1097,1.56E-08,,,,,43 w,55.28,
7/2/2016,control1,EVP-688,7:49:58,8:08:13,1.63E-05,1095,1.49E-08,,,,,,,
7/2/2016,control1,EVP-714,12:41:28,12:56:15,3.50E-05,887,3.95E-08,3.77E-08,,12:50 PM,0.4,36 w,62.56,34.74
7/2/2016,control1,EVP-720,12:42:19,12:56:55,3.18E-05,876,3.63E-08,,,,,7 b,9.52,
7/2/2016,control1,EVP-721,12:42:59,12:57:32,3.10E-05,873,3.55E-08,,,,,13 b,15.76,
7/2/2016,control1,EVP-722,12:43:46,12:58:04,3.42E-05,858,3.99E-08,,,,,47 w,51.12,
7/2/2016,control1,EVP-723,12:44:28,12:58:35,3.18E-05,847,3.75E-08,,,,,,,
7/2/2016,house,EVP-724,13:05:27,13:24:08,3.42E-05,1121,3.05E-08,3.07E-08,,,,,,
7/2/2016,house,EVP-725,13:06:10,13:25:00,3.42E-05,1130,3.03E-08,,,,,,,
7/2/2016,house,EVP-726,13:06:50,13:25:36,3.59E-05,1126,3.18E-08,,,,,,,
7/2/2016,house,EVP-727,13:07:28,13:26:12,3.42E-05,1124,3.04E-08,,,,,,,
7/2/2016,house,EVP-728,13:08:05,13:26:45,3.42E-05,1120,3.06E-08,,,,,,,
7/2/2016,gazebo,EVP-729,13:11:15,13:30:31,2.61E-05,1156,2.26E-08,2.28E-08,,1:19 PM,0.3,7 w,92.72,91.94
7/2/2016,gazebo,EVP-730,13:11:52,13:31:09,2.28E-05,1157,1.97E-08,,,,,2 w,97.92,
7/2/2016,gazebo,EVP-731,13:12:45,13:31:44,2.93E-05,1139,2.58E-08,,,,,10 w,89.6,
7/2/2016,gazebo,EVP-732,13:13:30,13:32:17,2.53E-05,1127,2.24E-08,,,,,12 w,87.52,
7/2/2016,gazebo,EVP-733,13:14:13,13:32:47,2.61E-05,1114,2.34E-08,,,,,,,
7/3/2016,house,EVP-734,6:38:19,7:00:02,2.36E-05,1303,1.81E-08,1.83E-08,,,,,,
7/3/2016,house,EVP-735,6:38:56,7:00:45,2.53E-05,1309,1.93E-08,,,,,,,
7/3/2016,house,EVP-736,6:39:38,7:01:24,2.61E-05,1306,2.00E-08,,,,,,,
7/3/2016,house,EVP-737,6:40:23,7:02:01,2.36E-05,1298,1.82E-08,,,,,,,
7/3/2016,house,EVP-738,6:41:17,7:02:34,2.04E-05,1277,1.60E-08,,,,,,,
7/3/2016,gazebo,EVP-739,6:44:59,7:05:43,4.89E-05,1244,3.93E-08,3.83E-08,,6:54 AM,0.7,12 w,87.52,90.38
7/3/2016,gazebo,EVP-740,6:45:35,7:06:23,4.32E-05,1248,3.46E-08,,,,,2 w,97.92,
7/3/2016,gazebo,EVP-741,6:46:16,7:06:58,5.05E-05,1242,4.07E-08,,,,,9 w,90.64,
7/3/2016,gazebo,EVP-742,6:47:01,7:07:28,4.48E-05,1227,3.65E-08,,,,,14 w,85.44,
7/3/2016,gazebo,EVP-743,6:47:43,7:07:58,4.89E-05,1215,4.02E-08,,,,,,,
7/3/2016,control1,EVP-744,7:22:02,7:37:40,1.22E-05,938,1.30E-08,1.71E-08,,7:32 AM,0.3,36 w,62.56,42.02
7/3/2016,control1,EVP-745,7:22:41,7:38:20,1.39E-05,939,1.48E-08,,,,,25 b,28.24,
7/3/2016,control1,EVP-746,7:23:30,7:38:55,1.63E-05,925,1.76E-08,,,,,14 b,16.8,
7/3/2016,control1,EVP-747,7:24:14,7:39:30,2.12E-05,916,2.31E-08,,,,,38 w,60.48,
7/3/2016,control1,EVP-748,7:24:57,7:40:08,1.55E-05,911,1.70E-08,,,,,,,
7/3/2016,control1,EVP-769,,,,,,1.72E-08,,11:38 AM,0,46 w,52.16,36.82
7/3/2016,control1,EVP-770,11:30:09,11:46:43,1.55E-05,994,1.56E-08,,,,,15 b,17.84,
7/3/2016,control1,EVP-771,11:31:00,11:47:25,1.79E-05,985,1.82E-08,,,,,15 b,17.84,
7/3/2016,control1,EVP-772,11:31:42,11:47:56,1.79E-05,974,1.84E-08,,,,,55 b,59.44,
7/3/2016,control1,EVP-773,11:32:21,11:48:35,1.63E-05,974,1.67E-08,,,,,,,
7/3/2016,gazebo,EVP-774,11:53:59,12:08:19,1.63E-05,860,1.90E-08,1.79E-08,,12:01 PM,0,9 w,90.64,91.94
7/3/2016,gazebo,EVP-775,11:54:36,12:08:58,1.55E-05,862,1.80E-08,,,,,2 w,97.92,
7/3/2016,gazebo,EVP-776,11:55:14,12:09:30,1.55E-05,856,1.81E-08,,,,,8 w,91.68,
7/3/2016,gazebo,EVP-777,11:55:52,12:10:02,1.47E-05,850,1.73E-08,,,,,12 w,87.52,
7/3/2016,gazebo,EVP-778,11:56:23,12:10:33,1.47E-05,850,1.73E-08,,,,,,,
7/3/2016,house,EVP-779,12:14:14,12:31:57,3.67E-05,1063,3.45E-08,3.22E-08,,,,,,
7/3/2016,house,EVP-780,12:14:50,12:32:43,3.34E-05,1073,3.11E-08,,,,,,,
7/3/2016,house,EVP-781,12:15:28,12:33:17,3.50E-05,1069,3.28E-08,,,,,,,
7/3/2016,house,EVP-782,12:16:01,12:33:47,3.34E-05,1066,3.13E-08,,,,,,,
7/3/2016,house,EVP-783,12:16:34,12:34:25,3.34E-05,1071,3.12E-08,,,,,,,
7/4/2016,house,EVP-784,6:28:53,6:43:51,8.96E-06,898,9.98E-09,1.06E-08,,,,,,
7/4/2016,house,EVP-785,6:29:33,6:44:33,1.06E-05,900,1.18E-08,,,,,,,
7/4/2016,house,EVP-786,6:30:19,6:45:11,8.96E-06,892,1.00E-08,,,,,,,
7/4/2016,house,EVP-787,6:30:57,6:45:48,8.96E-06,891,1.01E-08,,,,,,,
7/4/2016,house,EVP-788,6:31:38,6:46:26,9.78E-06,888,1.10E-08,,,,,,,
7/4/2016,gazebo,EVP-789,7:09:11,7:25:27,2.85E-05,976,2.92E-08,3.06E-08,,7:18 AM,0,7 w,92.72,92.46
7/4/2016,gazebo,EVP-790,7:10:05,7:26:05,2.85E-05,960,2.97E-08,,,,,2 w,97.92,
7/4/2016,gazebo,EVP-791,7:10:54,7:26:40,2.85E-05,946,3.01E-08,,,,,10 w,89.6,
7/4/2016,gazebo,EVP-792,7:11:38,7:27:16,2.85E-05,938,3.04E-08,,,,,10 w,89.6,
7/4/2016,gazebo,EVP-793,7:12:29,7:27:57,3.10E-05,928,3.34E-08,,,,,,,
7/4/2016,control1,EVP-794,7:36:50,7:54:43,2.04E-05,1073,1.90E-08,2.11E-08,,7:47 AM,0,44 w,54.24,34.48
7/4/2016,control1,EVP-795,7:37:46,7:55:18,2.44E-05,1052,2.32E-08,,,,,5 b,7.44,
7/4/2016,control1,EVP-796,7:38:35,7:55:54,2.36E-05,1039,2.27E-08,,,,,15 b,17.84,
7/4/2016,control1,EVP-797,7:39:21,7:56:31,2.36E-05,1030,2.29E-08,,,,,40 w,58.4,
7/4/2016,control1,EVP-798,7:40:10,7:57:09,1.79E-05,1019,1.76E-08,,,,,,,
7/4/2016,control1,EVP-819,12:22:03,12:37:18,4.48E-05,915,4.90E-08,4.91E-08,,12:31 PM,0.6,49 w,49.04,27.46
7/4/2016,control1,EVP-820,12:22:48,12:38:03,4.24E-05,915,4.63E-08,,,,,5 b,7.44,
7/4/2016,control1,EVP-821,12:23:54,12:38:36,4.48E-05,882,5.08E-08,,,,,11 b,13.68,
7/4/2016,control1,EVP-822,12:24:37,12:39:10,4.73E-05,873,5.41E-08,,,,,58 w,39.68,
7/4/2016,control1,EVP-823,12:25:18,12:39:45,3.91E-05,867,4.51E-08,,,,,,,
7/4/2016,house,EVP-824,12:44:58,13:04:04,5.22E-05,1146,4.55E-08,4.48E-08,,,,,,
7/4/2016,house,EVP-825,12:45:38,13:05:21,5.22E-05,1183,4.41E-08,,,,,,,
7/4/2016,house,EVP-826,12:46:16,13:05:52,5.22E-05,1176,4.43E-08,,,,,,,
7/4/2016,house,EVP-827,12:46:58,13:06:21,5.05E-05,1163,4.34E-08,,,,,,,
7/4/2016,house,EVP-828,12:47:35,13:06:48,5.38E-05,1153,4.66E-08,,,,,,,
7/4/2016,gazebo,EVP-829,12:51:11,13:10:01,4.32E-05,1130,3.82E-08,3.77E-08,,12:59 PM,0.4,17 w,82.32,89.08
7/4/2016,gazebo,EVP-830,12:51:47,13:10:33,3.42E-05,1126,3.04E-08,,,,,1 w,98.96,
7/4/2016,gazebo,EVP-831,12:52:27,13:11:05,4.89E-05,1118,4.37E-08,,,,,9 w,90.64,
7/4/2016,gazebo,EVP-832,12:53:08,13:11:43,3.91E-05,1115,3.51E-08,,,,,15 w,84.4,
7/4/2016,gazebo,EVP-833,12:54:00,13:12:16,4.48E-05,1096,4.09E-08,,,,,,,
7/5/2016,house,EVP-834,7:23:33,7:40:51,1.39E-05,1038,1.33E-08,1.42E-08,,,,,,
7/5/2016,house,EVP-835,7:24:18,7:41:40,1.47E-05,1042,1.41E-08,,,,,,,
7/5/2016,house,EVP-836,7:25:01,7:42:14,1.47E-05,1033,1.42E-08,,,,,,,
7/5/2016,house,EVP-837,7:25:43,7:43:03,1.47E-05,1040,1.41E-08,,,,,,,
7/5/2016,house,EVP-838,7:26:37,7:43:45,1.55E-05,1028,1.51E-08,,,,,,,
7/5/2016,gazebo,EVP-839,7:56:18,8:12:18,2.53E-05,960,2.63E-08,2.45E-08,,8:07 AM,0,8 w,91.68,91.42
7/5/2016,gazebo,EVP-840,7:57:01,8:13:04,2.28E-05,963,2.37E-08,,,,,2 w,97.92,
7/5/2016,gazebo,EVP-841,7:58:01,8:13:46,2.53E-05,945,2.67E-08,,,,,13 w,86.48,
7/5/2016,gazebo,EVP-842,7:58:51,8:14:34,2.04E-05,943,2.16E-08,,,,,10 w,89.6,
7/5/2016,gazebo,EVP-843,7:59:33,8:15:10,2.28E-05,937,2.44E-08,,,,,,,
7/5/2016,control1,EVP-844,8:24:08,8:40:31,2.93E-05,983,2.98E-08,3.42E-08,,8:33 AM,0.3,32 w,66.72,38.12
7/5/2016,control1,EVP-845,8:24:59,8:41:09,2.93E-05,970,3.02E-08,,,,,12 b,14.72,
7/5/2016,control1,EVP-846,8:25:45,8:41:44,3.91E-05,959,4.08E-08,,,,,14 b,16.8,
7/5/2016,control1,EVP-847,8:26:29,8:42:25,3.91E-05,956,4.09E-08,,,,,44 w,54.24,
7/5/2016,control1,EVP-848,8:27:17,8:43:01,2.77E-05,944,2.93E-08,,,,,,,
7/5/2016,control1,EVP-849,13:29:49,13:47:06,3.67E-05,1037,3.54E-08,3.56E-08,,1:38 PM,0.3,51 w,46.96,29.28
7/5/2016,control1,EVP-850,13:30:09,13:47:37,3.75E-05,1048,3.58E-08,,,,,5 b,7.44,
7/5/2016,control1,EVP-851,13:31:10,13:48:10,3.59E-05,1020,3.52E-08,,,,,15 b,17.84,
7/5/2016,control1,EVP-852,13:31:50,13:48:46,3.83E-05,1016,3.77E-08,,,,,53 w,44.88,
7/5/2016,control1,EVP-853,13:32:28,13:49:15,3.42E-05,1007,3.40E-08,,,,,,,
7/5/2016,gazebo,EVP-854,13:55:48,14:10:53,1.87E-05,905,2.07E-08,2.04E-08,,2:04 PM,0,10 w,89.6,91.16
7/5/2016,gazebo,EVP-855,13:56:25,14:11:32,1.71E-05,907,1.89E-08,,,,,3 w,96.88,
7/5/2016,gazebo,EVP-856,13:57:08,14:12:20,1.96E-05,912,2.14E-08,,,,,8 w,91.68,
7/5/2016,gazebo,EVP-857,13:57:50,14:12:54,1.79E-05,904,1.98E-08,,,,,13 w,86.48,
7/5/2016,gazebo,EVP-858,13:58:33,14:13:25,1.87E-05,892,2.10E-08,,,,,,,
7/5/2016,house,EVP-859,14:17:02,14:32:45,2.61E-05,943,2.77E-08,2.81E-08,,,,,,
7/5/2016,house,EVP-860,14:17:38,14:33:14,2.53E-05,936,2.70E-08,,,,,,,
7/5/2016,house,EVP-861,14:18:20,14:33:50,2.69E-05,930,2.89E-08,,,,,,,
7/5/2016,house,EVP-862,14:18:59,14:34:34,2.69E-05,935,2.88E-08,,,,,,,
7/5/2016,house,EVP-863,14:19:38,14:35:05,2.61E-05,927,2.81E-08,,,,,,,
7/6/2016,house,EVP-864,6:47:08,7:04:09,7.33E-06,1021,7.18E-09,7.32E-09,,,,,,
7/6/2016,house,EVP-865,6:47:52,7:05:06,6.52E-06,1034,6.30E-09,,,,,,,
7/6/2016,house,EVP-866,6:48:35,7:05:41,7.33E-06,1026,7.15E-09,,,,,,,
7/6/2016,house,EVP-867,6:49:18,7:06:20,8.96E-06,1022,8.77E-09,,,,,,,
7/6/2016,house,EVP-868,6:49:58,7:06:57,7.33E-06,1019,7.20E-09,,,,,,,
7/6/2016,gazebo,EVP-869,7:13:19,7:29:20,1.87E-05,961,1.95E-08,1.87E-08,,7:22 AM,0,13 w,86.48,90.9
7/6/2016,gazebo,EVP-870,7:14:04,7:29:51,1.63E-05,947,1.72E-08,,,,,2 w,97.92,
7/6/2016,gazebo,EVP-871,7:14:54,7:30:23,1.71E-05,929,1.84E-08,,,,,8 w,91.68,
7/6/2016,gazebo,EVP-872,7:15:38,7:31:00,1.71E-05,922,1.86E-08,,,,,12 w,87.52,
7/6/2016,gazebo,EVP-873,7:16:21,7:31:32,1.79E-05,911,1.97E-08,,,,,,,
7/6/2016,control1,EVP-874,7:37:08,7:52:22,1.30E-05,914,1.43E-08,1.37E-08,,7:47 AM,0,53 w,44.88,33.18
7/6/2016,control1,EVP-875,7:38:11,7:53:01,9.78E-06,890,1.10E-08,,,,,10 b,12.64,
7/6/2016,control1,EVP-876,7:38:51,7:53:36,1.39E-05,885,1.57E-08,,,,,16 b,18.88,
7/6/2016,control1,EVP-877,7:39:34,7:54:01,1.30E-05,867,1.50E-08,,,,,42 w,56.32,
7/6/2016,control1,EVP-878,7:40:28,7:54:39,1.06E-05,851,1.24E-08,,,,,,,
7/6/2016,control1,EVP-879,14:22:21,14:37:23,1.06E-05,902,1.17E-08,1.13E-08,,2:29 PM,0,45 w,53.2,32.66
7/6/2016,control1,EVP-880,14:23:03,14:37:53,8.96E-06,890,1.01E-08,,,,,10 b,12.64,
7/6/2016,control1,EVP-881,14:23:45,14:38:32,1.06E-05,887,1.19E-08,,,,,13 b,15.76,
7/6/2016,control1,EVP-882,14:24:31,14:39:03,9.78E-06,872,1.12E-08,,,,,45 b,49.04,
7/6/2016,control1,EVP-883,14:25:19,14:39:32,9.78E-06,853,1.15E-08,,,,,,,
7/6/2016,gazebo,EVP-884,14:47:32,15:02:29,5.70E-06,897,6.36E-09,6.20E-09,,2:55 PM,0,15 w,84.4,91.42
7/6/2016,gazebo,EVP-885,14:48:38,15:03:09,5.70E-06,871,6.55E-09,,,,,2 w,97.92,
7/6/2016,gazebo,EVP-886,14:49:21,15:03:44,5.70E-06,863,6.61E-09,,,,,9 w,90.64,
7/6/2016,gazebo,EVP-887,14:50:04,15:04:19,5.70E-06,855,6.67E-09,,,,,7 w,92.72,
7/6/2016,gazebo,EVP-888,14:50:47,15:04:56,4.07E-06,849,4.80E-09,,,,,,,
7/6/2016,house,EVP-889,15:08:54,15:23:27,1.06E-05,873,1.21E-08,1.23E-08,,,,,,
7/6/2016,house,EVP-890,15:09:33,15:24:06,1.30E-05,873,1.49E-08,,,,,,,
7/6/2016,house,EVP-891,15:10:11,15:24:41,1.06E-05,870,1.22E-08,,,,,,,
7/6/2016,house,EVP-892,15:10:45,15:25:22,1.06E-05,877,1.21E-08,,,,,,,
7/6/2016,house,EVP-893,15:11:23,15:25:57,8.96E-06,874,1.03E-08,,,,,,,
7/7/2016,house,EVP-894,6:33:08,6:49:01,4.07E-06,953,4.28E-09,5.22E-09,,,,,,
7/7/2016,house,EVP-895,6:33:50,6:49:37,4.07E-06,947,4.30E-09,,,,,,,
7/7/2016,house,EVP-896,6:34:37,6:50:15,4.89E-06,938,5.21E-09,,,,,,,
7/7/2016,house,EVP-897,6:35:16,6:50:48,5.70E-06,932,6.12E-09,,,,,,,
7/7/2016,house,EVP-898,6:36:02,6:51:25,5.70E-06,923,6.18E-09,,,,,,,
7/7/2016,gazebo,EVP-899,7:12:43,7:28:15,1.14E-05,932,1.22E-08,1.39E-08,,7:22 AM,0,,,
7/7/2016,gazebo,EVP-900,7:13:39,7:28:55,1.22E-05,916,1.33E-08,,,,,,,
7/7/2016,gazebo,EVP-901,7:14:51,7:29:37,1.30E-05,886,1.47E-08,,,,,,,
7/7/2016,gazebo,EVP-902,7:15:43,7:30:17,1.22E-05,874,1.40E-08,,,,,,,
7/7/2016,gazebo,EVP-903,7:16:35,7:30:54,1.30E-05,859,1.52E-08,,,,,,,
7/7/2016,control1,EVP-904,7:39:59,7:56:14,1.71E-05,975,1.76E-08,1.49E-08,,7:51 AM,0,56 w,41.76,32.4
7/7/2016,control1,EVP-905,7:40:58,7:56:55,1.47E-05,957,1.53E-08,,,,,17 b,19.92,
7/7/2016,control1,EVP-906,7:42:00,7:57:40,1.22E-05,940,1.30E-08,,,,,13 b,15.76,
7/7/2016,control1,EVP-907,7:43:06,7:58:17,1.22E-05,911,1.34E-08,,,,,46 w,52.16,
7/7/2016,control1,EVP-908,7:43:56,7:58:54,1.39E-05,898,1.54E-08,,,,,,,
7/7/2016,control1,EVP-909,14:29:44,14:44:56,1.63E-05,912,1.79E-08,1.87E-08,,2:37 PM,0.4,,,
7/7/2016,control1,EVP-910,14:30:40,14:45:29,1.55E-05,889,1.74E-08,,,,,,,
7/7/2016,control1,EVP-911,14:31:23,14:46:00,1.96E-05,877,2.23E-08,,,,,,,
7/7/2016,control1,EVP-912,14:32:09,14:46:40,1.55E-05,871,1.78E-08,,,,,,,
7/7/2016,control1,EVP-913,14:32:52,14:47:47,1.63E-05,895,1.82E-08,,,,,,,
7/7/2016,house,EVP-914,14:51:17,15:09:31,2.61E-05,1094,2.38E-08,2.34E-08,,,,,,
7/7/2016,house,EVP-915,14:52:02,15:10:09,2.69E-05,1087,2.47E-08,,,,,,,
7/7/2016,house,EVP-916,14:52:46,15:10:38,2.61E-05,1072,2.43E-08,,,,,,,
7/7/2016,house,EVP-917,14:53:35,15:11:14,2.36E-05,1059,2.23E-08,,,,,,,
7/7/2016,house,EVP-918,14:54:17,15:11:45,2.28E-05,1048,2.18E-08,,,,,,,
7/7/2016,gazebo,EVP-919,14:57:36,15:13:55,1.30E-05,979,1.33E-08,1.17E-08,,3:04 PM,0,,,
7/7/2016,gazebo,EVP-920,14:58:36,15:14:28,8.96E-06,952,9.42E-09,,,,,,,
7/7/2016,gazebo,EVP-921,14:59:46,15:14:59,1.14E-05,913,1.25E-08,,,,,,,
7/7/2016,gazebo,EVP-922,15:00:28,15:15:31,1.06E-05,903,1.17E-08,,,,,,,
7/7/2016,gazebo,EVP-923,15:01:06,15:16:06,1.06E-05,900,1.18E-08,,,,,,,
7/9/2016,house,EVP-924,7:23:34,7:39:25,1.22E-05,951,1.29E-08,1.30E-08,,,,,,
7/9/2016,house,EVP-925,7:24:17,7:40:06,1.22E-05,949,1.29E-08,,,,,,,
7/9/2016,house,EVP-926,7:25:13,7:40:45,1.30E-05,932,1.40E-08,,,,,,,
7/9/2016,house,EVP-927,7:26:09,7:41:24,1.22E-05,915,1.34E-08,,,,,,,
7/9/2016,house,EVP-928,7:26:53,7:42:00,1.06E-05,907,1.17E-08,,,,,,,
7/9/2016,gazebo,EVP-929,7:48:25,8:03:45,2.04E-05,920,2.21E-08,2.13E-08,,7:55 AM,0,,,
7/9/2016,gazebo,EVP-930,7:49:13,8:04:30,1.96E-05,917,2.13E-08,,,,,,,
7/9/2016,gazebo,EVP-931,7:50:01,8:05:08,2.04E-05,907,2.25E-08,,,,,,,
7/9/2016,gazebo,EVP-932,7:50:01,8:05:50,1.79E-05,949,1.89E-08,,,,,,,
7/9/2016,gazebo,EVP-933,7:51:28,8:06:30,1.96E-05,902,2.17E-08,,,,,,,
7/9/2016,control1,EVP-934,8:12:22,8:28:13,2.12E-05,951,2.23E-08,2.04E-08,,8:53 AM,0.6,,,
7/9/2016,control1,EVP-935,8:13:04,8:28:49,2.04E-05,945,2.16E-08,,,,,,,
7/9/2016,control1,EVP-936,8:13:53,8:29:24,2.04E-05,931,2.19E-08,,,,,,,
7/9/2016,control1,EVP-937,8:14:46,8:30:05,1.79E-05,919,1.95E-08,,,,,,,
7/9/2016,control1,EVP-938,8:15:37,8:30:50,1.55E-05,913,1.70E-08,,,,,,,
7/9/2016,control1,EVP-959,12:45:32,13:00:51,1.06E-05,919,1.15E-08,1.41E-08,measured after rain at 11:35am,12:53 PM,0,,,
7/9/2016,control1,EVP-960,12:46:23,13:01:25,1.30E-05,902,1.45E-08,,,,,,,
7/9/2016,control1,EVP-961,12:47:22,13:02:31,1.55E-05,909,1.70E-08,,,,,,,
7/9/2016,control1,EVP-962,12:48:19,13:03:05,1.22E-05,886,1.38E-08,,,,,,,
7/9/2016,control1,EVP-963,12:49:13,13:04:22,1.22E-05,909,1.34E-08,,,,,,,
7/9/2016,house,EVP-964,13:09:20,13:28:06,1.96E-05,1126,1.74E-08,1.46E-08,,,,,,
7/9/2016,house,EVP-965,13:10:02,13:28:41,1.47E-05,1119,1.31E-08,,,,,,,
7/9/2016,house,EVP-966,13:10:51,13:29:22,1.63E-05,1111,1.47E-08,,,,,,,
7/9/2016,house,EVP-967,13:11:30,13:30:06,1.47E-05,1116,1.31E-08,,,,,,,
7/9/2016,house,EVP-968,13:12:09,13:30:40,1.63E-05,1111,1.47E-08,,,,,,,
7/9/2016,gazebo,EVP-969,13:15:52,13:33:20,8.96E-06,1048,8.55E-09,8.29E-09,,1:22 PM,0.3,,,
7/9/2016,gazebo,EVP-970,13:16:44,13:33:53,7.33E-06,1029,7.13E-09,,,,,,,
7/9/2016,gazebo,EVP-971,13:17:32,13:34:35,9.78E-06,1023,9.56E-09,,,,,,,
7/9/2016,gazebo,EVP-972,13:18:23,13:35:09,9.78E-06,1006,9.72E-09,,,,,,,
7/9/2016,gazebo,EVP-973,13:19:10,13:35:56,6.52E-06,1006,6.48E-09,,,,,,,
7/11/2016,house,EVP-974,6:32:28,6:48:01,1.30E-05,933,1.40E-08,1.22E-08,,,,,,
7/11/2016,house,EVP-975,6:33:09,6:48:32,1.06E-05,923,1.15E-08,,,,,,,
7/11/2016,house,EVP-976,6:33:51,6:49:11,1.06E-05,920,1.15E-08,,,,,,,
7/11/2016,house,EVP-977,6:34:34,6:49:51,1.14E-05,917,1.24E-08,,,,,,,
7/11/2016,house,EVP-978,6:35:17,6:50:30,1.06E-05,913,1.16E-08,,,,,,,
7/11/2016,gazebo,EVP-979,7:26:15,7:42:03,2.36E-05,948,2.49E-08,2.59E-08,,7:35 AM,0,,,
7/11/2016,gazebo,EVP-980,7:26:53,7:42:38,2.20E-05,945,2.33E-08,,,,,,,
7/11/2016,gazebo,EVP-981,7:27:43,7:43:15,2.77E-05,932,2.97E-08,,,,,,,
7/11/2016,gazebo,EVP-982,7:28:29,7:43:47,2.28E-05,918,2.49E-08,,,,,,,
7/11/2016,gazebo,EVP-983,7:29:12,7:44:23,2.44E-05,911,2.68E-08,,,,,,,
7/11/2016,control1,EVP-984,7:50:00,8:05:35,3.75E-05,935,4.01E-08,3.37E-08,,7:56 AM,0,,,
7/11/2016,control1,EVP-985,7:50:41,8:06:12,3.34E-05,931,3.59E-08,,,,,,,
7/11/2016,control1,EVP-986,7:51:22,8:06:41,2.93E-05,919,3.19E-08,,,,,,,
7/11/2016,control1,EVP-987,7:52:01,8:07:09,2.69E-05,908,2.96E-08,,,,,,,
7/11/2016,control1,EVP-988,7:52:39,8:07:38,2.77E-05,899,3.08E-08,,,,,,,
7/11/2016,control1,EVP-1014,12:16:50,12:32:12,4.32E-05,922,4.68E-08,4.57E-08,,12:22 PM,0.6,,,
7/11/2016,control1,EVP-1015,12:17:29,12:32:42,3.91E-05,913,4.28E-08,,,,,,,
7/11/2016,control1,EVP-1016,12:18:09,12:33:11,4.24E-05,902,4.70E-08,,,,,,,
7/11/2016,control1,EVP-1017,12:18:40,12:33:37,4.56E-05,897,5.09E-08,,,,,,,
7/11/2016,control1,EVP-1018,12:19:14,12:34:04,3.67E-05,890,4.12E-08,,,,,,,
7/11/2016,gazebo,EVP-1019,12:39:01,12:54:25,1.71E-05,924,1.85E-08,1.92E-08,,12:45 PM,0,,,
7/11/2016,gazebo,EVP-1020,12:39:41,12:55:02,1.71E-05,921,1.86E-08,,,,,,,
7/11/2016,gazebo,EVP-1021,12:40:14,12:55:32,1.87E-05,918,2.04E-08,,,,,,,
7/11/2016,gazebo,EVP-1022,12:40:49,12:55:59,1.87E-05,910,2.06E-08,,,,,,,
7/11/2016,gazebo,EVP-1023,12:41:21,12:56:30,1.63E-05,909,1.79E-08,,,,,,,
7/11/2016,house,EVP-1024,12:59:48,13:15:16,1.87E-05,928,2.02E-08,2.15E-08,,,,,,
7/11/2016,house,EVP-1025,13:00:20,13:16:02,2.12E-05,942,2.25E-08,,,,,,,
7/11/2016,house,EVP-1026,13:00:53,13:16:30,1.96E-05,937,2.09E-08,,,,,,,
7/11/2016,house,EVP-1027,13:01:24,13:16:57,2.04E-05,933,2.18E-08,,,,,,,
7/11/2016,house,EVP-1028,13:02:02,13:17:26,2.04E-05,924,2.20E-08,,,,,,,
7/12/2016,house,EVP-1029,6:33:56,6:49:11,7.33E-06,915,8.02E-09,8.51E-09,,,,,,
7/12/2016,house,EVP-1030,6:34:36,6:50:07,9.78E-06,931,1.05E-08,,,,,,,
7/12/2016,house,EVP-1031,6:35:16,6:50:38,8.96E-06,922,9.72E-09,,,,,,,
7/12/2016,house,EVP-1032,6:35:55,6:51:12,6.52E-06,917,7.11E-09,,,,,,,
7/12/2016,house,EVP-1033,6:36:33,6:51:38,6.52E-06,905,7.20E-09,,,,,,,
7/12/2016,gazebo,EVP-1040,7:04:40,7:19:59,1.47E-05,919,1.60E-08,1.60E-08,,7:11 AM,0.4,,,
7/12/2016,gazebo,EVP-1041,7:05:23,7:20:45,1.55E-05,922,1.68E-08,,,,,,,
7/12/2016,gazebo,EVP-1042,7:06:09,7:21:25,1.55E-05,916,1.69E-08,,,,,,,
7/12/2016,gazebo,EVP-1043,7:06:53,7:22:04,1.30E-05,911,1.43E-08,,,,,,,
7/12/2016,gazebo,EVP-1044,7:07:32,7:22:54,1.47E-05,922,1.59E-08,,,,,,,
7/12/2016,control1,EVP-1045,7:45:14,8:01:47,9.78E-06,993,9.85E-09,8.69E-09,,7:54 AM,0,,,
7/12/2016,control1,EVP-1046,7:46:04,8:02:28,8.15E-06,984,8.28E-09,,,,,,,
7/12/2016,control1,EVP-1047,7:46:56,8:03:13,8.96E-06,977,9.17E-09,,,,,,,
7/12/2016,control1,EVP-1048,7:47:48,8:03:54,8.15E-06,966,8.44E-09,,,,,,,
7/12/2016,control1,EVP-1049,7:48:44,8:04:37,7.33E-06,953,7.70E-09,,,,,,,
7/12/2016,control1,EVP-1080,12:29:55,12:45:52,1.22E-05,957,1.28E-08,1.26E-08,,12:36 PM,0.4,,,
7/12/2016,control1,EVP-1081,12:30:36,12:46:33,1.14E-05,957,1.19E-08,,,,,,,
7/12/2016,control1,EVP-1082,12:31:27,12:47:09,9.78E-06,942,1.04E-08,,,,,,,
7/12/2016,control1,EVP-1083,12:32:14,12:47:45,1.55E-05,931,1.66E-08,,,,,,,
7/12/2016,control1,EVP-1084,12:32:56,12:48:29,1.06E-05,933,1.14E-08,,,,,,,
7/12/2016,gazebo,EVP-1085,12:54:24,13:09:59,8.15E-06,935,8.72E-09,8.51E-09,,1:01 PM,0,,,
7/12/2016,gazebo,EVP-1086,12:55:05,13:10:30,5.70E-06,925,6.17E-09,,,,,,,
7/12/2016,gazebo,EVP-1087,12:55:53,13:11:05,8.15E-06,912,8.94E-09,,,,,,,
7/12/2016,gazebo,EVP-1088,12:56:34,13:11:46,8.15E-06,912,8.94E-09,,,,,,,
7/12/2016,gazebo,EVP-1089,12:57:15,13:12:28,8.96E-06,913,9.82E-09,,,,,,,
7/12/2016,house,EVP-1090,13:16:34,13:32:38,1.55E-05,964,1.61E-08,1.53E-08,,,,,,
7/12/2016,house,EVP-1091,13:17:17,13:33:17,1.55E-05,960,1.61E-08,,,,,,,
7/12/2016,house,EVP-1092,13:17:54,13:33:50,1.39E-05,956,1.45E-08,,,,,,,
7/12/2016,house,EVP-1093,13:18:40,13:34:25,1.39E-05,945,1.47E-08,,,,,,,
7/13/2016,house,EVP-1034,6:32:44,6:47:50,2.28E-05,906,2.52E-08,2.63E-08,,,,,,
7/13/2016,house,EVP-1035,6:33:31,6:48:17,2.12E-05,886,2.39E-08,,,,,,,
7/13/2016,house,EVP-1036,6:34:16,6:49:02,2.36E-05,886,2.67E-08,,,,,,,
7/13/2016,house,EVP-1037,6:35:08,6:49:37,2.53E-05,869,2.91E-08,,,,,,,
7/13/2016,house,EVP-1038,6:35:52,6:50:08,2.28E-05,856,2.67E-08,,,,,,,
7/13/2016,gazebo,EVP-1039,7:27:28,7:43:07,1.87E-05,939,2.00E-08,1.67E-08,,7:38 AM,0,,,
7/13/2016,gazebo,EVP-1040,7:28:17,7:43:46,1.47E-05,929,1.58E-08,,,,,,,
7/13/2016,gazebo,EVP-1041,7:29:07,7:44:36,1.55E-05,929,1.67E-08,,,,,,,
7/13/2016,gazebo,EVP-1042,7:29:56,7:45:17,1.55E-05,921,1.68E-08,,,,,,,
7/13/2016,gazebo,EVP-1043,7:30:37,7:45:54,1.30E-05,917,1.42E-08,,,,,,,
7/13/2016,control1,EVP-1099,7:54:43,8:10:41,1.71E-05,958,1.79E-08,1.80E-08,,8:00 AM,0,,,
7/13/2016,control1,EVP-1100,7:55:37,8:11:31,1.63E-05,954,1.71E-08,,,,,,,
7/13/2016,control1,EVP-1101,7:56:22,8:12:10,1.79E-05,948,1.89E-08,,,,,,,
7/13/2016,control1,EVP-1102,7:57:07,8:12:54,1.71E-05,947,1.81E-08,,,,,,,
7/13/2016,house,EVP-1128,13:29:15,13:46:43,2.04E-05,1048,1.94E-08,2.08E-08,"rain started early, couldn't finish controls",,,,,
7/13/2016,house,EVP-1129,13:30:01,13:47:19,2.12E-05,1038,2.04E-08,,,,,,,
7/13/2016,house,EVP-1130,13:30:46,13:47:59,2.28E-05,1033,2.21E-08,,,,,,,
7/13/2016,house,EVP-1131,13:31:34,13:48:40,1.96E-05,1026,1.91E-08,,,,,,,
7/13/2016,house,EVP-1132,13:32:19,13:49:17,2.36E-05,1018,2.32E-08,,,,,,,
7/14/2016,house,EVP-1133,6:34:16,6:50:21,1.30E-05,965,1.35E-08,1.35E-08,,,,,,
7/14/2016,house,EVP-1134,6:35:00,6:51:17,1.30E-05,977,1.33E-08,,,,,,,
7/14/2016,house,EVP-1135,6:35:49,6:51:55,1.22E-05,966,1.27E-08,,,,,,,
7/14/2016,house,EVP-1136,6:36:30,6:52:38,1.39E-05,968,1.43E-08,,,,,,,
7/14/2016,house,EVP-1137,6:37:11,6:53:13,1.30E-05,962,1.36E-08,,,,,,,
7/14/2016,gazebo,EVP-1138,7:17:57,7:34:08,2.85E-05,971,2.94E-08,2.93E-08,,7:25 AM,0,,,
7/14/2016,gazebo,EVP-1139,7:18:46,7:34:48,2.77E-05,962,2.88E-08,,,,,,,
7/14/2016,gazebo,EVP-1140,7:19:28,7:35:23,2.93E-05,955,3.07E-08,,,,,,,
7/14/2016,gazebo,EVP-1141,7:20:12,7:36:04,2.53E-05,952,2.65E-08,,,,,,,
7/14/2016,gazebo,EVP-1142,7:20:56,7:36:39,2.93E-05,943,3.11E-08,,,,,,,
7/14/2016,control1,EVP-1143,7:51:58,8:06:40,2.53E-05,882,2.86E-08,2.33E-08,,7:58 AM,0,,,
7/14/2016,control1,EVP-1144,7:52:43,8:07:30,1.87E-05,887,2.11E-08,,,,,,,
7/14/2016,control1,EVP-1145,7:53:26,8:08:09,1.87E-05,883,2.12E-08,,,,,,,
7/14/2016,control1,EVP-1146,7:54:10,8:08:47,1.96E-05,877,2.23E-08,,,,,,,
7/14/2016,control1,EVP-1147,7:54:54,8:09:31,2.04E-05,877,2.32E-08,,,,,,,
7/14/2016,control1,EVP-1178,12:28:13,12:44:11,3.50E-05,958,3.66E-08,3.81E-08,,12:35 PM,0.5,,,
7/14/2016,control1,EVP-1179,12:29:04,12:44:53,3.67E-05,949,3.86E-08,,,,,,,
7/14/2016,control1,EVP-1180,12:29:51,12:45:33,3.91E-05,942,4.15E-08,,,,,,,
7/14/2016,control1,EVP-1181,12:30:39,12:46:13,3.99E-05,934,4.28E-08,,,,,,,
7/14/2016,control1,EVP-1182,12:31:27,12:46:54,2.85E-05,927,3.08E-08,,,,,,,
7/14/2016,gazebo,EVP-1183,12:52:13,13:08:48,3.75E-05,995,3.77E-08,3.23E-08,,12:59 PM,0.3,,,
7/14/2016,gazebo,EVP-1184,12:52:57,13:09:33,3.18E-05,996,3.19E-08,,,,,,,
7/14/2016,gazebo,EVP-1185,12:53:53,13:10:09,3.26E-05,976,3.34E-08,,,,,,,
7/14/2016,gazebo,EVP-1186,12:54:43,13:10:48,2.85E-05,965,2.96E-08,,,,,,,
7/14/2016,gazebo,EVP-1187,12:55:34,13:11:28,2.77E-05,954,2.90E-08,,,,,,,
7/14/2016,house,EVP-1188,13:16:45,13:30:24,3.91E-05,819,4.78E-08,4.69E-08,,,,,,
7/14/2016,house,EVP-1189,13:17:35,13:31:00,3.75E-05,805,4.66E-08,,,,,,,
7/14/2016,house,EVP-1190,13:18:22,13:31:40,3.75E-05,798,4.70E-08,,,,,,,
7/14/2016,house,EVP-1191,13:19:05,13:32:11,3.50E-05,786,4.46E-08,,,,,,,
7/14/2016,house,EVP-1192,13:19:53,13:32:44,3.75E-05,771,4.86E-08,,,,,,,
7/15/2016,house,EVP-1193,6:36:58,6:53:16,1.79E-05,978,1.83E-08,1.87E-08,,,,,,
7/15/2016,house,EVP-1194,6:38:04,6:54:07,1.79E-05,963,1.86E-08,,,,,,,
7/15/2016,house,EVP-1195,6:38:52,6:54:49,1.79E-05,957,1.87E-08,,,,,,,
7/15/2016,house,EVP-1196,6:39:39,6:55:26,1.71E-05,947,1.81E-08,,,,,,,
7/15/2016,house,EVP-1197,6:40:24,6:56:02,1.87E-05,938,2.00E-08,,,,,,,
7/15/2016,gazebo,EVP-1198,7:10:22,7:26:21,1.71E-05,959,1.78E-08,1.93E-08,,7:20 AM,0,,,
7/15/2016,gazebo,EVP-1199,7:11:03,7:27:01,1.39E-05,958,1.45E-08,,,,,,,
7/15/2016,gazebo,EVP-1200,7:11:51,7:27:40,2.28E-05,949,2.40E-08,,,,,,,
7/15/2016,gazebo,EVP-1201,7:12:34,7:28:24,1.71E-05,950,1.80E-08,,,,,,,
7/15/2016,gazebo,EVP-1202,7:13:20,7:29:08,2.12E-05,948,2.23E-08,,,,,,,
7/15/2016,control1,EVP-1203,7:35:43,7:52:07,9.78E-06,984,9.94E-09,1.03E-08,,7:43 AM,0.3,,,
7/15/2016,control1,EVP-1204,7:36:35,7:53:07,1.14E-05,992,1.15E-08,,,,,,,
7/15/2016,control1,EVP-1205,7:37:34,7:53:49,1.22E-05,975,1.25E-08,,,,,,,
7/15/2016,control1,EVP-1206,7:38:23,7:54:46,7.33E-06,983,7.46E-09,,,,,,,
7/15/2016,control1,EVP-1207,7:39:16,7:55:23,9.78E-06,967,1.01E-08,,,,,,,
7/15/2016,control1,EVP-1229,11:35:23,11:51:31,4.32E-05,968,4.46E-08,4.58E-08,,11:42 AM,0.5,,,
7/15/2016,control1,EVP-1230,11:36:05,11:52:06,4.07E-05,961,4.24E-08,,,,,,,
7/15/2016,control1,EVP-1231,11:36:52,11:52:38,4.64E-05,946,4.91E-08,,,,,,,
7/15/2016,control1,EVP-1232,11:37:32,11:53:13,4.97E-05,941,5.28E-08,,,,,,,
7/15/2016,control1,EVP-1233,11:38:13,11:53:45,3.75E-05,932,4.02E-08,,,,,,,
7/15/2016,gazebo,EVP-1234,11:59:22,12:17:14,3.67E-05,1072,3.42E-08,2.75E-08,,12:05 PM,0.3,,,
7/15/2016,gazebo,EVP-1235,11:59:59,12:17:55,2.85E-05,1076,2.65E-08,,,,,,,
7/15/2016,gazebo,EVP-1236,12:00:43,12:18:31,2.77E-05,1068,2.59E-08,,,,,,,
7/15/2016,gazebo,EVP-1237,12:01:23,12:19:05,2.77E-05,1062,2.61E-08,,,,,,,
7/15/2016,gazebo,EVP-1238,12:02:00,12:19:40,2.61E-05,1060,2.46E-08,,,,,,,
7/15/2016,house,EVP-1239,12:26:29,12:45:41,3.91E-05,1152,3.40E-08,3.50E-08,,,,,,
7/15/2016,house,EVP-1240,12:27:11,12:46:20,4.16E-05,1149,3.62E-08,,,,,,,
7/15/2016,house,EVP-1241,12:27:49,12:47:07,3.91E-05,1158,3.38E-08,,,,,,,
7/15/2016,house,EVP-1242,12:28:34,12:47:36,3.91E-05,1142,3.43E-08,,,,,,,
7/15/2016,house,EVP-1243,12:29:13,12:48:17,4.24E-05,1144,3.70E-08,,,,,,,
7/18/2016,house,EVP-1244,6:38:27,6:58:16,1.14E-05,1189,9.59E-09,8.24E-09,,,,,,
7/18/2016,house,EVP-1245,6:39:16,6:58:55,8.96E-06,1179,7.60E-09,,,,,,,
7/18/2016,house,EVP-1246,6:40:12,6:59:41,8.15E-06,1169,6.97E-09,,,,,,,
7/18/2016,house,EVP-1247,6:41:01,7:00:09,9.78E-06,1148,8.52E-09,,,,,,,
7/18/2016,house,EVP-1248,6:41:42,7:00:50,9.78E-06,1148,8.52E-09,,,,,,,
7/18/2016,gazebo,EVP-1249,6:45:38,7:03:55,3.02E-05,1097,2.75E-08,2.56E-08,,6:52 AM,0.3,,,
7/18/2016,gazebo,EVP-1250,6:46:25,7:04:38,2.53E-05,1093,2.31E-08,,,,,,,
7/18/2016,gazebo,EVP-1251,6:47:13,7:05:16,2.85E-05,1083,2.63E-08,,,,,,,
7/18/2016,gazebo,EVP-1252,6:48:03,7:05:58,2.85E-05,1075,2.65E-08,,,,,,,
7/18/2016,gazebo,EVP-1253,6:48:45,7:06:34,2.61E-05,1069,2.44E-08,,,,,,,
7/18/2016,control1,EVP-1254,7:46:52,8:02:11,2.69E-05,919,2.93E-08,2.41E-08,,7:54 AM,0,,,
7/18/2016,control1,EVP-1255,7:47:43,8:02:57,2.36E-05,914,2.59E-08,,,,,,,
7/18/2016,control1,EVP-1256,7:48:39,8:03:49,1.55E-05,910,1.70E-08,,,,,,,
7/18/2016,control1,EVP-1257,7:49:50,8:04:41,1.79E-05,891,2.01E-08,,,,,,,
7/18/2016,control1,EVP-1258,7:51:01,8:05:33,2.44E-05,872,2.80E-08,,,,,,,
7/18/2016,control1,EVP-1289,12:14:36,12:29:49,3.83E-05,913,4.19E-08,4.60E-08,,12:20 PM,0.3,,,
7/18/2016,control1,EVP-1290,12:15:14,12:30:25,3.75E-05,911,4.11E-08,,,,,,,
7/18/2016,control1,EVP-1291,12:15:53,12:30:58,4.32E-05,905,4.77E-08,,,,,,,
7/18/2016,control1,EVP-1292,12:16:34,12:31:29,4.81E-05,895,5.37E-08,,,,,,,
7/18/2016,control1,EVP-1293,12:17:17,12:32:09,4.07E-05,892,4.57E-08,,,,,,,
7/18/2016,gazebo,EVP-1294,12:37:31,12:53:37,3.75E-05,966,3.88E-08,3.88E-08,,12:43 PM,0.3,,,
7/18/2016,gazebo,EVP-1295,12:38:11,12:54:14,3.91E-05,963,4.06E-08,,,,,,,
7/18/2016,gazebo,EVP-1296,12:38:52,12:54:47,3.91E-05,955,4.10E-08,,,,,,,
7/18/2016,gazebo,EVP-1297,12:39:30,12:55:20,3.34E-05,950,3.52E-08,,,,,,,
7/18/2016,gazebo,EVP-1298,12:40:07,12:55:57,3.67E-05,950,3.86E-08,,,,,,,
7/18/2016,house,EVP-1299,13:01:51,13:15:59,4.24E-05,848,5.00E-08,4.83E-08,,,,,,
7/18/2016,house,EVP-1300,13:02:23,13:16:31,4.16E-05,848,4.90E-08,,,,,,,
7/18/2016,house,EVP-1301,13:03:11,13:17:03,3.75E-05,832,4.51E-08,,,,,,,
7/18/2016,house,EVP-1302,13:03:52,13:17:34,4.16E-05,822,5.06E-08,,,,,,,
7/18/2016,house,EVP-1303,13:04:29,13:18:07,3.83E-05,818,4.68E-08,,,,,,,
7/19/2016,house,EVP-1304,6:34:59,6:50:05,8.96E-06,906,9.89E-09,1.20E-08,,,,,,
7/19/2016,house,EVP-1305,6:35:43,6:50:44,9.78E-06,901,1.09E-08,,,,,,,
7/19/2016,house,EVP-1306,6:36:26,6:51:27,1.06E-05,901,1.18E-08,,,,,,,
7/19/2016,house,EVP-1307,6:37:05,6:52:03,1.14E-05,898,1.27E-08,,,,,,,
7/19/2016,house,EVP-1308,6:37:48,6:52:43,1.30E-05,895,1.46E-08,,,,,,,
7/19/2016,gazebo,EVP-1309,7:33:38,7:50:06,1.22E-05,988,1.24E-08,1.33E-08,,7:42 AM,0,,,
7/19/2016,gazebo,EVP-1310,7:34:23,7:50:47,9.78E-06,984,9.94E-09,,,,,,,
7/19/2016,gazebo,EVP-1311,7:35:05,7:51:28,1.55E-05,983,1.58E-08,,,,,,,
7/19/2016,gazebo,EVP-1312,7:35:50,7:52:11,1.22E-05,981,1.25E-08,,,,,,,
7/19/2016,gazebo,EVP-1313,7:36:30,7:52:44,1.55E-05,974,1.59E-08,,,,,,,
7/19/2016,control1,EVP-1314,7:58:51,8:15:12,1.96E-05,981,1.99E-08,1.86E-08,,8:05 AM,0.3,,,
7/19/2016,control1,EVP-1315,7:59:36,8:15:48,1.71E-05,972,1.76E-08,,,,,,,
7/19/2016,control1,EVP-1316,8:00:18,8:16:28,1.79E-05,970,1.85E-08,,,,,,,
7/19/2016,control1,EVP-1317,8:00:58,8:17:08,1.71E-05,970,1.76E-08,,,,,,,
7/19/2016,control1,EVP-1318,8:01:44,8:17:47,1.87E-05,963,1.95E-08,,,,,,,
7/19/2016,control1,EVP-1344,12:15:45,12:31:08,1.96E-05,923,2.12E-08,1.99E-08,,12:22 PM,0.6,,,
7/19/2016,control1,EVP-1345,12:16:32,12:31:44,1.87E-05,912,2.06E-08,,,,,,,
7/19/2016,control1,EVP-1346,12:17:10,12:32:17,1.71E-05,907,1.89E-08,,,,,,,
7/19/2016,control1,EVP-1347,12:17:50,12:32:51,1.87E-05,901,2.08E-08,,,,,,,
7/19/2016,control1,EVP-1348,12:18:27,12:33:22,1.63E-05,895,1.82E-08,,,,,,,
7/19/2016,gazebo,EVP-1349,12:38:30,12:54:04,8.96E-06,934,9.60E-09,1.10E-08,,12:45 PM,0.3,,,
7/19/2016,gazebo,EVP-1350,12:39:38,12:54:36,9.78E-06,898,1.09E-08,,,,,,,
7/19/2016,gazebo,EVP-1351,12:40:16,12:55:10,1.06E-05,894,1.18E-08,,,,,,,
7/19/2016,gazebo,EVP-1352,12:40:53,12:55:40,8.15E-06,887,9.19E-09,,,,,,,
7/19/2016,gazebo,EVP-1353,12:41:52,12:56:13,1.14E-05,861,1.33E-08,,,,,,,
7/19/2016,house,EVP-1354,12:59:48,13:15:40,1.79E-05,952,1.88E-08,2.04E-08,,,,,,
7/19/2016,house,EVP-1355,13:00:38,13:16:10,1.96E-05,932,2.10E-08,,,,,,,
7/19/2016,house,EVP-1356,13:01:14,13:16:39,1.79E-05,925,1.94E-08,,,,,,,
7/19/2016,house,EVP-1357,13:01:49,13:17:08,1.96E-05,919,2.13E-08,,,,,,,
7/19/2016,house,EVP-1358,13:02:23,13:17:40,1.96E-05,917,2.13E-08,,,,,,,
7/20/2016,house,EVP-1359,6:30:50,6:46:36,6.52E-06,946,6.89E-09,7.32E-09,,,,,,
7/20/2016,house,EVP-1360,6:31:32,6:47:13,8.96E-06,941,9.53E-09,,,,,,,
7/20/2016,house,EVP-1361,6:32:11,6:47:49,6.52E-06,938,6.95E-09,,,,,,,
7/20/2016,house,EVP-1362,6:33:05,6:48:26,7.33E-06,921,7.96E-09,,,,,,,
7/20/2016,house,EVP-1363,6:33:36,6:49:05,4.89E-06,929,5.26E-09,,,,,,,
7/20/2016,gazebo,EVP-1364,7:30:25,7:46:02,5.70E-06,937,6.09E-09,5.64E-09,,7:37 AM,0,,,
7/20/2016,gazebo,EVP-1365,7:31:05,7:46:38,4.07E-06,933,4.37E-09,,,,,,,
7/20/2016,gazebo,EVP-1366,7:31:48,7:47:13,4.89E-06,925,5.29E-09,,,,,,,
7/20/2016,gazebo,EVP-1367,7:32:29,7:47:47,5.70E-06,918,6.21E-09,,,,,,,
7/20/2016,gazebo,EVP-1368,7:33:09,7:48:25,5.70E-06,916,6.23E-09,,,,,,,
7/20/2016,control1,EVP-1369,7:57:01,8:13:10,7.33E-06,969,7.57E-09,8.16E-09,,8:05 AM,0,,,
7/20/2016,control1,EVP-1370,7:58:01,8:13:43,7.33E-06,942,7.79E-09,,,,,,,
7/20/2016,control1,EVP-1371,7:59:03,8:14:16,7.33E-06,913,8.03E-09,,,,,,,
7/20/2016,control1,EVP-1372,7:59:53,8:14:52,8.96E-06,899,9.97E-09,,,,,,,
7/20/2016,control1,EVP-1373,8:00:55,8:15:28,6.52E-06,873,7.47E-09,,,,,,,
7/20/2016,control1,EVP-1404,12:13:58,12:30:45,1.96E-05,1007,1.94E-08,1.90E-08,,12:20 PM,0.6,,,
7/20/2016,control1,EVP-1405,12:14:48,12:31:27,1.87E-05,999,1.88E-08,,,,,,,
7/20/2016,control1,EVP-1406,12:15:29,12:32:05,1.87E-05,996,1.88E-08,,,,,,,
7/20/2016,control1,EVP-1407,12:16:12,12:32:40,2.12E-05,988,2.14E-08,,,,,,,
7/20/2016,control1,EVP-1408,12:16:50,12:33:15,1.63E-05,985,1.65E-08,,,,,,,
7/20/2016,gazebo,EVP-1409,12:38:36,12:59:34,1.14E-05,1258,9.07E-09,8.48E-09,,12:45 PM,0,,,
7/20/2016,gazebo,EVP-1410,12:34:21,13:00:39,8.15E-06,1578,5.16E-09,,,,,,,
7/20/2016,gazebo,EVP-1411,12:40:06,13:01:15,1.14E-05,1269,8.99E-09,,,,,,,
7/20/2016,gazebo,EVP-1412,12:40:46,13:02:02,1.14E-05,1276,8.94E-09,,,,,,,
7/20/2016,gazebo,EVP-1413,12:41:25,13:02:37,1.30E-05,1272,1.03E-08,,,,,,,
7/20/2016,house,EVP-1414,13:08:26,13:24:51,1.06E-05,985,1.08E-08,1.23E-08,,,,,,
7/20/2016,house,EVP-1415,13:09:08,13:25:36,1.06E-05,988,1.07E-08,,,,,,,
7/20/2016,house,EVP-1416,13:09:54,13:26:15,1.39E-05,981,1.41E-08,,,,,,,
7/20/2016,house,EVP-1417,13:10:41,13:26:54,1.06E-05,973,1.09E-08,,,,,,,
7/20/2016,house,EVP-1418,13:11:23,13:27:32,1.47E-05,969,1.51E-08,,,,,,,
